POSTCODE,PC_NAME,PC_TYPE,PA_NAME,PA_FIPS,CITY_TOWN,COUNTY,AREA_SQMI,zipcodenum,PWSID,PWSName,Size,FacilityID,FacilityName,FacilityWaterType,SamplePointID,SamplePointName,SamplePointType,AssociatedFacilityID,AssociatedSamplePointID,CollectionDate,SampleID,ADONA,MRL,Units,MethodID,AnalyticalResultsSign,AnalyticalResultValue,SampleEventCode,MonitoringRequirement,Region,State,UCMR1SampleType,ZIPCODE
"2360",PLYMOUTH,NON UNIQUE,PLYMOUTH,"54275","PLYMOUTH, TOWN OF",PLYMOUTH,103.1403089,"2360",,,,,,,,,,,,,,,,,,,,,,,,,
"1230",GREAT BARRINGTON,NON UNIQUE,GREAT BARRINGTON,"26780","GREAT BARRINGTON, TOWN OF",BERKSHIRE,96.72656896,"1230",,,,,,,,,,,,,,,,,,,,,,,,,
"1223",BECKET,NON UNIQUE,BECKET,"04510","BECKET, TOWN OF",BERKSHIRE,86.59125138,"1223",,,,,,,,,,,,,,,,,,,,,,,,,
"1034",GRANVILLE,NON UNIQUE,GRANVILLE,"26640","TOLLAND, TOWN OF",HAMPDEN,72.35022566,"1034",,,,,,,,,,,,,,,,,,,,,,,,,
"2346",MIDDLEBORO,NON UNIQUE,MIDDLEBORO,"40780","MIDDLEBOROUGH, TOWN OF",PLYMOUTH,72.14780071,"2346",,,,,,,,,,,,,,,,,,,,,,,,,
"1366",PETERSHAM,NON UNIQUE,PETERSHAM,"53085","PETERSHAM, TOWN OF",WORCESTER,62.65331762,"1366",,,,,,,,,,,,,,,,,,,,,,,,,
"1201",PITTSFIELD,NON UNIQUE,PITTSFIELD,"53960",PITTSFIELD,BERKSHIRE,61.94892049,"1201",,,,,,,,,,,,,,,,,,,,,,,,,
"1339",CHARLEMONT,NON UNIQUE,CHARLEMONT,"12470","CHARLEMONT, TOWN OF",FRANKLIN,59.02825958,"1339",,,,,,,,,,,,,,,,,,,,,,,,,
"1340",COLRAIN,NON UNIQUE,COLRAIN,"14850","COLRAIN, TOWN OF",FRANKLIN,58.54743839,"1340",,,,,,,,,,,,,,,,,,,,,,,,,
"2790",WESTPORT,NON UNIQUE,WESTPORT,"77570","WESTPORT, TOWN OF",BRISTOL,56.30997046,"2790",,,,,,,,,,,,,,,,,,,,,,,,,
"1007",BELCHERTOWN,NON UNIQUE,BELCHERTOWN,"04790","BELCHERTOWN, TOWN OF",HAMPSHIRE,55.29290537,"1007",,,,,,,,,,,,,,,,,,,,,,,,,
"1237",LANESBOROUGH,NON UNIQUE,LANESBOROUGH,"34330","LANESBOROUGH, TOWN OF",BERKSHIRE,50.76702371,"1237",,,,,,,,,,,,,,,,,,,,,,,,,
"1267",WILLIAMSTOWN,NON UNIQUE,WILLIAMSTOWN,"79950","WILLIAMSTOWN, TOWN OF",BERKSHIRE,55.22803318,"1267",,,,,,,,,,,,,,,,,,,,,,,,,
"1008",BLANDFORD,NON UNIQUE,BLANDFORD,"06050","BLANDFORD, TOWN OF",HAMPDEN,54.0591453,"1008",,,,,,,,,,,,,,,,,,,,,,,,,
"1331",ATHOL,NON UNIQUE,ATHOL,"02515","ATHOL, TOWN OF",WORCESTER,58.08486951,"1331",,,,,,,,,,,,,,,,,,,,,,,,,
"1085",WESTFIELD,NON UNIQUE,WESTFIELD,"76030",WESTFIELD,HAMPDEN,55.93892848,"1085",,,,,,,,,,,,,,,,,,,,,,,,,
"1370",SHELBURNE FALLS,NON UNIQUE,SHELBURNE FALLS,"61205","SHELBURNE, TOWN OF",FRANKLIN,48.80405713,"1370",,,,,,,,,,,,,,,,,,,,,,,,,
"1235",HINSDALE,NON UNIQUE,HINSDALE,"30280","HINSDALE, TOWN OF",BERKSHIRE,47.75705167,"1235",,,,,,,,,,,,,,,,,,,,,,,,,
"2747",NORTH DARTMOUTH,NON UNIQUE,NORTH DARTMOUTH,"47450","DARTMOUTH, TOWN OF",BRISTOL,47.49541385,"2747",,,,,,,,,,,,,,,,,,,,,,,,,
"2769",REHOBOTH,NON UNIQUE,REHOBOTH,"56340","REHOBOTH, TOWN OF",BRISTOL,47.36336756,"2769",,,,,,,,,,,,,,,,,,,,,,,,,
"1002",AMHERST,NON UNIQUE,AMHERST,"01290","AMHERST, TOWN OF",HAMPSHIRE,53.72931708,"1002",,,,,,,,,,,,,,,,,,,,,,,,,
"1255",SANDISFIELD,NON UNIQUE,SANDISFIELD,"59630","SANDISFIELD, TOWN OF",BERKSHIRE,50.85483654,"1255",,,,,,,,,,,,,,,,,,,,,,,,,
"1247",NORTH ADAMS,NON UNIQUE,NORTH ADAMS,"46225",NORTH ADAMS,BERKSHIRE,47.15753286,"1247",,,,,,,,,,,,,,,,,,,,,,,,,
"1475",WINCHENDON,NON UNIQUE,WINCHENDON,"80370","WINCHENDON, TOWN OF",WORCESTER,44.33294497,"1475",,,,,,,,,,,,,,,,,,,,,,,,,
"1507",CHARLTON,NON UNIQUE,CHARLTON,"12680","CHARLTON, TOWN OF",WORCESTER,43.99834318,"1507",,,,,,,,,,,,,,,,,,,,,,,,,
"2035",FOXBORO,NON UNIQUE,FOXBORO,"24750","FOXBOROUGH, TOWN OF",NORFOLK,20.84156821,"2035",,,,,,,,,,,,,,,,,,,,,,,,,
"1740",BOLTON,NON UNIQUE,BOLTON,"06330","BOLTON, TOWN OF",WORCESTER,20.69450858,"1740",,,,,,,,,,,,,,,,,,,,,,,,,
"1550",SOUTHBRIDGE,NON UNIQUE,SOUTHBRIDGE,"63305","SOUTHBRIDGE, TOWN OF",WORCESTER,20.65779621,"1550",,,,,,,,,,,,,,,,,,,,,,,,,
"1341",CONWAY,NON UNIQUE,CONWAY,"15165","CONWAY, TOWN OF",FRANKLIN,34.08553818,"1341",,,,,,,,,,,,,,,,,,,,,,,,,
"1562",SPENCER,NON UNIQUE,SPENCER,"66070","SPENCER, TOWN OF",WORCESTER,34.01579381,"1562",,,,,,,,,,,,,,,,,,,,,,,,,
"1590",SUTTON,NON UNIQUE,SUTTON,"68575","SUTTON, TOWN OF",WORCESTER,34.01245536,"1590",,,,,,,,,,,,,,,,,,,,,,,,,
"1096",WILLIAMSBURG,NON UNIQUE,WILLIAMSBURG,"79880","GOSHEN, TOWN OF",HAMPSHIRE,33.4528849,"1096",,,,,,,,,,,,,,,,,,,,,,,,,
"1450",GROTON,NON UNIQUE,GROTON,"27445","GROTON, TOWN OF",MIDDLESEX,33.31877202,"1450",,,,,,,,,,,,,,,,,,,,,,,,,
"1026",CUMMINGTON,NON UNIQUE,CUMMINGTON,"16005","CUMMINGTON, TOWN OF",HAMPSHIRE,26.65912327,"1026",,,,,,,,,,,,,,,,,,,,,,,,,
"2535",CHILMARK,NON UNIQUE,CHILMARK,"13765","CHILMARK, TOWN OF",DUKES,26.1158379,"2535",,,,,,,,,,,,,,,,,,,,,,,,,
"1266",WEST STOCKBRIDGE,NON UNIQUE,WEST STOCKBRIDGE,"77955","WEST STOCKBRIDGE, TOWN OF",BERKSHIRE,25.8627596,"1266",,,,,,,,,,,,,,,,,,,,,,,,,
"1742",CONCORD,NON UNIQUE,CONCORD,"15025","CONCORD, TOWN OF",MIDDLESEX,25.6396045,"1742",,,,,,,,,,,,,,,,,,,,,,,,,
"1259",SOUTHFIELD,NON UNIQUE,SOUTHFIELD,"63830","NEW MARLBOROUGH, TOWN OF",BERKSHIRE,25.27478424,"1259",,,,,,,,,,,,,,,,,,,,,,,,,
"1516",DOUGLAS,NON UNIQUE,DOUGLAS,"17265","DOUGLAS, TOWN OF",WORCESTER,38.16715,"1516",,,,,,,,,,,,,,,,,,,,,,,,,
"1430",ASHBURNHAM,NON UNIQUE,ASHBURNHAM,"01850","ASHBURNHAM, TOWN OF",WORCESTER,38.04726038,"1430",,,,,,,,,,,,,,,,,,,,,,,,,
"1257",SHEFFIELD,NON UNIQUE,SHEFFIELD,"61030","SHEFFIELD, TOWN OF",BERKSHIRE,38.03045342,"1257",,,,,,,,,,,,,,,,,,,,,,,,,
"1364",ORANGE,NON UNIQUE,ORANGE,"51230","ORANGE, TOWN OF",FRANKLIN,37.79580104,"1364",,,,,,,,,,,,,,,,,,,,,,,,,
"1378",WARWICK,NON UNIQUE,WARWICK,"73230","WARWICK, TOWN OF",FRANKLIN,37.64549678,"1378",,,,,,,,,,,,,,,,,,,,,,,,,
"1541",PRINCETON,NON UNIQUE,PRINCETON,"55360","PRINCETON, TOWN OF",WORCESTER,37.64220073,"1541",,,,,,,,,,,,,,,,,,,,,,,,,
"1473",WESTMINSTER,NON UNIQUE,WESTMINSTER,"76975","WESTMINSTER, TOWN OF",WORCESTER,36.87329445,"1473",,,,,,,,,,,,,,,,,,,,,,,,,
"2554",NANTUCKET,NON UNIQUE,NANTUCKET,"43755","NANTUCKET, TOWN OF",NANTUCKET,36.79770817,"2554",,,,,,,,,,,,,,,,,,,,,,,,,
"1543",RUTLAND,NON UNIQUE,RUTLAND,"58790","RUTLAND, TOWN OF",WORCESTER,36.22895399,"1543",,,,,,,,,,,,,,,,,,,,,,,,,
"1256",SAVOY,NON UNIQUE,SAVOY,"60190","SAVOY, TOWN OF",BERKSHIRE,36.10955991,"1256",,,,,,,,,,,,,,,,,,,,,,,,,
"1082",WARE,NON UNIQUE,WARE,"72845","WARE, TOWN OF",HAMPSHIRE,40.01120361,"1082",,,,,,,,,,,,,,,,,,,,,,,,,
"2568",VINEYARD HAVEN,NON UNIQUE,VINEYARD HAVEN,"71970","OAK BLUFFS, TOWN OF",DUKES,39.82787813,"2568",,,,,,,,,,,,,,,,,,,,,,,,,
"2330",CARVER,NON UNIQUE,CARVER,"11630","CARVER, TOWN OF",PLYMOUTH,39.82049055,"2330",,,,,,,,,,,,,,,,,,,,,,,,,
"1452",HUBBARDSTON,NON UNIQUE,HUBBARDSTON,"31400","HUBBARDSTON, TOWN OF",WORCESTER,42.29649963,"1452",,,,,,,,,,,,,,,,,,,,,,,,,
"1368",ROYALSTON,NON UNIQUE,ROYALSTON,"58545","ROYALSTON, TOWN OF",WORCESTER,42.25951,"1368",,,,,,,,,,,,,,,,,,,,,,,,,
"1027",EASTHAMPTON,NON UNIQUE,EASTHAMPTON,"19330",EASTHAMPTON,HAMPSHIRE,41.3162153,"1027",,,,,,,,,,,,,,,,,,,,,,,,,
"2770",ROCHESTER,NON UNIQUE,ROCHESTER,"57565","ROCHESTER, TOWN OF",PLYMOUTH,35.66284753,"2770",,,,,,,,,,,,,,,,,,,,,,,,,
"1360",NORTHFIELD,NON UNIQUE,NORTHFIELD,"47800","NORTHFIELD, TOWN OF",FRANKLIN,35.35349044,"1360",,,,,,,,,,,,,,,,,,,,,,,,,
"1337",BERNARDSTON,NON UNIQUE,BERNARDSTON,"05525","BERNARDSTON, TOWN OF",FRANKLIN,35.34412667,"1337",,,,,,,,,,,,,,,,,,,,,,,,,
"1010",BRIMFIELD,NON UNIQUE,BRIMFIELD,"08435","BRIMFIELD, TOWN OF",HAMPDEN,35.26669551,"1010",,,,,,,,,,,,,,,,,,,,,,,,,
"2780",TAUNTON,NON UNIQUE,TAUNTON,"69170",TAUNTON,BRISTOL,34.30855899,"2780",,,,,,,,,,,,,,,,,,,,,,,,,
"1057",MONSON,NON UNIQUE,MONSON,"42110","MONSON, TOWN OF",HAMPDEN,44.79717618,"1057",,,,,,,,,,,,,,,,,,,,,,,,,
"1005",BARRE,NON UNIQUE,BARRE,"03705","BARRE, TOWN OF",WORCESTER,44.66496308,"1005",,,,,,,,,,,,,,,,,,,,,,,,,
"1545",SHREWSBURY,NON UNIQUE,SHREWSBURY,"61835","SHREWSBURY, TOWN OF",WORCESTER,21.81407162,"1545",,,,,,,,,,,,,,,,,,,,,,,,,
"1581",WESTBOROUGH,NON UNIQUE,WESTBOROUGH,"75050","WESTBOROUGH, TOWN OF",WORCESTER,21.43603003,"1581",MA2328000,WESTBOROUGH WATER DEPARTMENT,L,"27",Oak Street WTF,GW,"22947",Entry Point to Dist. System,EP,,,2023/05/16 00:00:00,35800406009SE1,PFOS,0.004,µg/L,EPA 533,=,0.0075,SE1,AM,"1",MA,,"1581"
"1568",UPTON,NON UNIQUE,UPTON,"71445","UPTON, TOWN OF",WORCESTER,21.35489246,"1568",,,,,,,,,,,,,,,,,,,,,,,,,
"1068",OAKHAM,NON UNIQUE,OAKHAM,"50635","OAKHAM, TOWN OF",WORCESTER,21.25469166,"1068",,,,,,,,,,,,,,,,,,,,,,,,,
"1826",DRACUT,NON UNIQUE,DRACUT,"17510","DRACUT, TOWN OF",MIDDLESEX,21.21241407,"1826",,,,,,,,,,,,,,,,,,,,,,,,,
"2061",NORWELL,NON UNIQUE,NORWELL,"50110","NORWELL, TOWN OF",PLYMOUTH,21.06930915,"2061",MA4219000,NORWELL WATER DEPARTMENT,L,"22",South Street TF,GW,SSTF1,Lab Sink Treated Water Sample Tap,EP,,,2023/09/20 00:00:00,810-78566-1,PFOS,0.004,µg/L,EPA 533,=,0.0184,SE1,AM,"1",MA,,"2061"
"1540",OXFORD,NON UNIQUE,OXFORD,"51790","OXFORD, TOWN OF",WORCESTER,21.06264516,"1540",,,,,,,,,,,,,,,,,,,,,,,,,
"1520",HOLDEN,NON UNIQUE,HOLDEN,"30525","HOLDEN, TOWN OF",WORCESTER,20.31804137,"1520",,,,,,,,,,,,,,,,,,,,,,,,,
"2048",MANSFIELD,NON UNIQUE,MANSFIELD,"38190","MANSFIELD, TOWN OF",BRISTOL,20.17561815,"2048",,,,,,,,,,,,,,,,,,,,,,,,,
"2667",WELLFLEET,NON UNIQUE,WELLFLEET,"74350","WELLFLEET, TOWN OF",BARNSTABLE,20.17146133,"2667",,,,,,,,,,,,,,,,,,,,,,,,,
"1720",ACTON,NON UNIQUE,ACTON,"00345","ACTON, TOWN OF",MIDDLESEX,19.99217641,"1720",MA2002000,ACTON WATER SUPPLY DISTRICT,L,"32",South Acton WTP,GU,MULT14,Entry Point to the Distribution System,EP,,,2023/12/06 00:00:00,810-87135-1,PFOS,0.004,µg/L,EPA 533,=,0.0047,SE4,AM,"1",MA,,"1720"
"1810",ANDOVER,NON UNIQUE,ANDOVER,"01430","ANDOVER, TOWN OF",ESSEX,31.90687655,"1810",,,,,,,,,,,,,,,,,,,,,,,,,
"1098",WORTHINGTON,NON UNIQUE,WORTHINGTON,"82175","WORTHINGTON, TOWN OF",HAMPSHIRE,31.89193802,"1098",,,,,,,,,,,,,,,,,,,,,,,,,
"1938",IPSWICH,NON UNIQUE,IPSWICH,"32275","IPSWICH, TOWN OF",ESSEX,31.87656183,"1938",,,,,,,,,,,,,,,,,,,,,,,,,
"2093",WRENTHAM,NON UNIQUE,WRENTHAM,"82280","WRENTHAM, TOWN OF",NORFOLK,22.57749138,"2093",MA4350000,WRENTHAM WATER DIVISION,L,"20002",Treatment Plant #4,GW,EP2,Finished Water Tap (395 Thurston St.),EP,,,2023/08/17 00:00:00,810-74516-1,PFOS,0.004,µg/L,EPA 533,=,0.0044,SE1,AM,"1",MA,,"2093"
"1876",TEWKSBURY,NON UNIQUE,TEWKSBURY,"69380","TEWKSBURY, TOWN OF",MIDDLESEX,20.98339746,"1876",,,,,,,,,,,,,,,,,,,,,,,,,
"1531",NEW BRAINTREE,NON UNIQUE,NEW BRAINTREE,"45070","NEW BRAINTREE, TOWN OF",WORCESTER,20.94823401,"1531",,,,,,,,,,,,,,,,,,,,,,,,,
"1083",WARREN,PO BOX,WARREN,"73055","WARREN, TOWN OF",WORCESTER,20.86107594,"1083",,,,,,,,,,,,,,,,,,,,,,,,,
"1469",TOWNSEND,NON UNIQUE,TOWNSEND,"70325","TOWNSEND, TOWN OF",MIDDLESEX,20.63094558,"1469",,,,,,,,,,,,,,,,,,,,,,,,,
"1468",TEMPLETON,NON UNIQUE,TEMPLETON,"69240","TEMPLETON, TOWN OF",WORCESTER,20.60998671,"1468",,,,,,,,,,,,,,,,,,,,,,,,,
"2649",MASHPEE,NON UNIQUE,MASHPEE,"39065","MASHPEE, TOWN OF",BARNSTABLE,24.70363238,"2649",,,,,,,,,,,,,,,,,,,,,,,,,
"1238",LEE,NON UNIQUE,LEE,"34620","LEE, TOWN OF",BERKSHIRE,32.56869371,"1238",,,,,,,,,,,,,,,,,,,,,,,,,
"1095",WILBRAHAM,NON UNIQUE,WILBRAHAM,"79705","WILBRAHAM, TOWN OF",HAMPDEN,22.52381122,"1095",,,,,,,,,,,,,,,,,,,,,,,,,
"1844",METHUEN,NON UNIQUE,METHUEN,"40710",METHUEN,ESSEX,22.49086063,"1844",,,,,,,,,,,,,,,,,,,,,,,,,
"1240",LENOX,NON UNIQUE,LENOX,"34935","LENOX, TOWN OF",BERKSHIRE,22.43167513,"1240",,,,,,,,,,,,,,,,,,,,,,,,,
"1373",SOUTH DEERFIELD,NON UNIQUE,SOUTH DEERFIELD,"63620","DEERFIELD, TOWN OF",FRANKLIN,22.1071689,"1373",,,,,,,,,,,,,,,,,,,,,,,,,
"1752",MARLBOROUGH,NON UNIQUE,MARLBOROUGH,"38715",MARLBOROUGH,MIDDLESEX,22.05541144,"1752",,,,,,,,,,,,,,,,,,,,,,,,,
"1571",DUDLEY,NON UNIQUE,DUDLEY,"17650","DUDLEY, TOWN OF",WORCESTER,21.98818244,"1571",,,,,,,,,,,,,,,,,,,,,,,,,
"1535",NORTH BROOKFIELD,NON UNIQUE,NORTH BROOKFIELD,"47100","NORTH BROOKFIELD, TOWN OF",WORCESTER,21.97967868,"1535",,,,,,,,,,,,,,,,,,,,,,,,,
"1451",HARVARD,NON UNIQUE,HARVARD,"28915","HARVARD, TOWN OF",WORCESTER,21.84365457,"1451",,,,,,,,,,,,,,,,,,,,,,,,,
"2359",PEMBROKE,NON UNIQUE,PEMBROKE,"52595","PEMBROKE, TOWN OF",PLYMOUTH,23.46689056,"2359",,,,,,,,,,,,,,,,,,,,,,,,,
"1463",PEPPERELL,NON UNIQUE,PEPPERELL,"52770","PEPPERELL, TOWN OF",MIDDLESEX,23.43765186,"1463",MA2232000,PEPPERELL DPW WATER DIVISION,S,223200003G,JERSEY STREET GRAVEL PACKED WELL,GW,03G,TREATED: JERSEY STREET,EP,,,2023/09/19 00:00:00,107792P,PFOS,0.004,µg/L,EPA 533,=,0.0064,SE2,AM,"1",MA,,"1463"
"2777",SWANSEA,NON UNIQUE,SWANSEA,"68715","SWANSEA, TOWN OF",BRISTOL,22.98649468,"2777",,,,,,,,,,,,,,,,,,,,,,,,,
"1585",WEST BROOKFIELD,NON UNIQUE,WEST BROOKFIELD,"75365","WEST BROOKFIELD, TOWN OF",WORCESTER,22.95784593,"1585",,,,,,,,,,,,,,,,,,,,,,,,,
"1220",ADAMS,NON UNIQUE,ADAMS,"00590","ADAMS, TOWN OF",BERKSHIRE,22.91794076,"1220",,,,,,,,,,,,,,,,,,,,,,,,,
"2748",SOUTH DARTMOUTH,NON UNIQUE,SOUTH DARTMOUTH,"63585","DARTMOUTH, TOWN OF",BRISTOL,22.91723671,"2748",,,,,,,,,,,,,,,,,,,,,,,,,
"1077",SOUTHWICK,NON UNIQUE,SOUTHWICK,"65790","SOUTHWICK, TOWN OF",HAMPDEN,31.51247451,"1077",,,,,,,,,,,,,,,,,,,,,,,,,
"1886",WESTFORD,NON UNIQUE,WESTFORD,"76100","WESTFORD, TOWN OF",MIDDLESEX,31.42984805,"1886",MA3330000,WESTFORD WATER DEPARTMENT,L,"25",Nutting Road WTP,GU,"19402",Entry Point to Dist. System,EP,,,2023/07/11 00:00:00,810-69220-1,PFOS,0.004,µg/L,EPA 533,=,0.0043,SE3,AM,"1",MA,,"1886"
"1420",FITCHBURG,NON UNIQUE,FITCHBURG,"23875",FITCHBURG,WORCESTER,31.10616995,"1420",,,,,,,,,,,,,,,,,,,,,,,,,
"1225",CHESHIRE,NON UNIQUE,CHESHIRE,"13310","CHESHIRE, TOWN OF",BERKSHIRE,30.26642936,"1225",,,,,,,,,,,,,,,,,,,,,,,,,
"1037",HARDWICK,PO BOX,HARDWICK,"28705","HARDWICK, TOWN OF",WORCESTER,29.94198815,"1037",,,,,,,,,,,,,,,,,,,,,,,,,
"1073",SOUTHAMPTON,NON UNIQUE,SOUTHAMPTON,"62710","SOUTHAMPTON, TOWN OF",HAMPSHIRE,28.9916689,"1073",,,,,,,,,,,,,,,,,,,,,,,,,
"1270",WINDSOR,NON UNIQUE,WINDSOR,"80650","WINDSOR, TOWN OF",BERKSHIRE,28.86860859,"1270",,,,,,,,,,,,,,,,,,,,,,,,,
"1033",GRANBY,NON UNIQUE,GRANBY,"26500","GRANBY, TOWN OF",HAMPSHIRE,28.61832318,"1033",,,,,,,,,,,,,,,,,,,,,,,,,
"2539",EDGARTOWN,NON UNIQUE,EDGARTOWN,"21115","EDGARTOWN, TOWN OF",DUKES,28.54978185,"2539",,,,,,,,,,,,,,,,,,,,,,,,,
"2324",BRIDGEWATER,NON UNIQUE,BRIDGEWATER,"08050","BRIDGEWATER, TOWN OF",PLYMOUTH,28.40630877,"2324",MA4042000,BRIDGEWATER WATER DEPARTMENT,L,"23","Wells #1, #2, #4 & #5 CPTP",GW,"21952",Entry Point to Dist. System,EP,,,2023/12/13 00:00:00,L2373633-03,PFOS,0.004,µg/L,EPA 533,=,0.007,SE2,AM,"1",MA,,"2324"
"1056",LUDLOW,NON UNIQUE,LUDLOW,"37210","LUDLOW, TOWN OF",HAMPDEN,28.30690691,"1056",,,,,,,,,,,,,,,,,,,,,,,,,
"1301",GREENFIELD,NON UNIQUE,GREENFIELD,"27060","GREENFIELD, TOWN OF",FRANKLIN,28.15138404,"1301",,,,,,,,,,,,,,,,,,,,,,,,,
"1523",LANCASTER,NON UNIQUE,LANCASTER,"34130","LANCASTER, TOWN OF",WORCESTER,26.87742139,"1523",,,,,,,,,,,,,,,,,,,,,,,,,
"1569",UXBRIDGE,NON UNIQUE,UXBRIDGE,"71585","UXBRIDGE, TOWN OF",WORCESTER,29.82610683,"1569",,,,,,,,,,,,,,,,,,,,,,,,,
"2766",NORTON,NON UNIQUE,NORTON,"49935","NORTON, TOWN OF",BRISTOL,29.65786219,"2766",,,,,,,,,,,,,,,,,,,,,,,,,
"2050",MARSHFIELD,NON UNIQUE,MARSHFIELD,"38820","MARSHFIELD, TOWN OF",PLYMOUTH,29.37946016,"2050",,,,,,,,,,,,,,,,,,,,,,,,,
"1050",HUNTINGTON,NON UNIQUE,HUNTINGTON,"31750","HUNTINGTON, TOWN OF",HAMPSHIRE,29.24912802,"1050",,,,,,,,,,,,,,,,,,,,,,,,,
"1351",MONTAGUE,NON UNIQUE,MONTAGUE,"42250","MONTAGUE, TOWN OF",FRANKLIN,19.90053091,"1351",,,,,,,,,,,,,,,,,,,,,,,,,
"2542",BUZZARDS BAY,NON UNIQUE,BUZZARDS BAY,"10015","BOURNE, TOWN OF",BARNSTABLE,19.79713837,"2542",,,,,,,,,,,,,,,,,,,,,,,,,
"1253",OTIS,NON UNIQUE,OTIS,"51545","OTIS, TOWN OF",BERKSHIRE,31.73196075,"1253",,,,,,,,,,,,,,,,,,,,,,,,,
"1564",STERLING,NON UNIQUE,STERLING,"67350","STERLING, TOWN OF",WORCESTER,31.6377299,"1564",,,,,,,,,,,,,,,,,,,,,,,,,
"1566",STURBRIDGE,NON UNIQUE,STURBRIDGE,"68120","STURBRIDGE, TOWN OF",WORCESTER,27.98352067,"1566",,,,,,,,,,,,,,,,,,,,,,,,,
"1379",WENDELL,NON UNIQUE,WENDELL,"74490","WENDELL, TOWN OF",FRANKLIN,27.93233082,"1379",,,,,,,,,,,,,,,,,,,,,,,,,
"1748",HOPKINTON,NON UNIQUE,HOPKINTON,"31050","HOPKINTON, TOWN OF",MIDDLESEX,27.89493219,"1748",,,,,,,,,,,,,,,,,,,,,,,,,
"1462",LUNENBURG,NON UNIQUE,LUNENBURG,"37385","LUNENBURG, TOWN OF",WORCESTER,27.82378246,"1462",,,,,,,,,,,,,,,,,,,,,,,,,
"1367",ROWE,NON UNIQUE,ROWE,"58300","ROWE, TOWN OF",FRANKLIN,27.80247468,"1367",,,,,,,,,,,,,,,,,,,,,,,,,
"2703",ATTLEBORO,NON UNIQUE,ATTLEBORO,"02690",ATTLEBORO,BRISTOL,27.75696424,"2703",,,,,,,,,,,,,,,,,,,,,,,,,
"1845",NORTH ANDOVER,NON UNIQUE,NORTH ANDOVER,"46400","NORTH ANDOVER, TOWN OF",ESSEX,27.64508802,"1845",,,,,,,,,,,,,,,,,,,,,,,,,
"1330",ASHFIELD,NON UNIQUE,ASHFIELD,"02060","ASHFIELD, TOWN OF",FRANKLIN,27.47277368,"1330",,,,,,,,,,,,,,,,,,,,,,,,,
"2536",EAST FALMOUTH,NON UNIQUE,EAST FALMOUTH,"18980","FALMOUTH, TOWN OF",BARNSTABLE,27.42254823,"2536",,,,,,,,,,,,,,,,,,,,,,,,,
"1930",GLOUCESTER,NON UNIQUE,GLOUCESTER,"26150",GLOUCESTER,ESSEX,27.13476012,"1930",,,,,,,,,,,,,,,,,,,,,,,,,
"2038",FRANKLIN,NON UNIQUE,FRANKLIN,"25100",FRANKLIN,NORFOLK,27.03857,"2038",,,,,,,,,,,,,,,,,,,,,,,,,
"2067",SHARON,NON UNIQUE,SHARON,"60820","SHARON, TOWN OF",NORFOLK,24.20293853,"2067",,,,,,,,,,,,,,,,,,,,,,,,,
"2767",RAYNHAM,NON UNIQUE,RAYNHAM,"56025","RAYNHAM, TOWN OF",BRISTOL,23.79636293,"2767",,,,,,,,,,,,,,,,,,,,,,,,,
"1054",LEVERETT,NON UNIQUE,LEVERETT,"35145","LEVERETT, TOWN OF",FRANKLIN,23.52520636,"1054",,,,,,,,,,,,,,,,,,,,,,,,,
"2481",WELLESLEY HILLS,NON UNIQUE,WELLESLEY HILLS,"74315","WELLESLEY, TOWN OF",NORFOLK,5.9040674,"2481",,,,,,,,,,,,,,,,,,,,,,,,,
"1011",CHESTER,NON UNIQUE,CHESTER,"13450","CHESTER, TOWN OF",HAMPDEN,25.95050806,"1011",,,,,,,,,,,,,,,,,,,,,,,,,
"1440",GARDNER,NON UNIQUE,GARDNER,"25485",GARDNER,WORCESTER,25.74279684,"1440",,,,,,,,,,,,,,,,,,,,,,,,,
"2332",DUXBURY,NON UNIQUE,DUXBURY,"17860","DUXBURY, TOWN OF",PLYMOUTH,23.58936801,"2332",MA4018000,TOWN OF AVON,S,401800002T,PORTER WELL,GW,"10005",PORTER WELL,EP,,,2023/11/08 00:00:00,109539P,PFOS,0.004,µg/L,EPA 533,=,0.006,SE2,AM,"1",MA,,"2332"
"1040",HOLYOKE,NON UNIQUE,HOLYOKE,"30840",HOLYOKE,HAMPDEN,22.76480917,"1040",,,,,,,,,,,,,,,,,,,,,,,,,
"2043",HINGHAM,NON UNIQUE,HINGHAM,"30175","HINGHAM, TOWN OF",PLYMOUTH,22.7094426,"2043",,,,,,,,,,,,,,,,,,,,,,,,,
"2652",NORTH TRURO,PO BOX,NORTH TRURO,"49515","TRURO, TOWN OF",BARNSTABLE,7.70688699,"2652",,,,,,,,,,,,,,,,,,,,,,,,,
"2343",HOLBROOK,NON UNIQUE,HOLBROOK,"30420","HOLBROOK, TOWN OF",NORFOLK,7.37583002,"2343",,,,,,,,,,,,,,,,,,,,,,,,,
"1966",ROCKPORT,NON UNIQUE,ROCKPORT,"57845","ROCKPORT, TOWN OF",ESSEX,7.35399402,"1966",,,,,,,,,,,,,,,,,,,,,,,,,
"1510",CLINTON,NON UNIQUE,CLINTON,"14430","CLINTON, TOWN OF",WORCESTER,7.28250059,"1510",,,,,,,,,,,,,,,,,,,,,,,,,
"1453",LEOMINSTER,NON UNIQUE,LEOMINSTER,"35075",LEOMINSTER,WORCESTER,26.21881287,"1453",,,,,,,,,,,,,,,,,,,,,,,,,
"1431",ASHBY,NON UNIQUE,ASHBY,"01920","ASHBY, TOWN OF",MIDDLESEX,24.12791395,"1431",,,,,,,,,,,,,,,,,,,,,,,,,
"1258",SOUTH EGREMONT,PO BOX,SOUTH EGREMONT,"63760","MT WASHINGTON, TOWN OF",BERKSHIRE,25.56104976,"1258",,,,,,,,,,,,,,,,,,,,,,,,,
"1245",MONTEREY,NON UNIQUE,MONTEREY,"42425","MONTEREY, TOWN OF",BERKSHIRE,25.25721047,"1245",,,,,,,,,,,,,,,,,,,,,,,,,
"2631",BREWSTER,NON UNIQUE,BREWSTER,"07945","BREWSTER, TOWN OF",BARNSTABLE,25.20236634,"2631",,,,,,,,,,,,,,,,,,,,,,,,,
"1072",SHUTESBURY,NON UNIQUE,SHUTESBURY,"61870","SHUTESBURY, TOWN OF",FRANKLIN,25.10603367,"1072",,,,,,,,,,,,,,,,,,,,,,,,,
"1776",SUDBURY,NON UNIQUE,SUDBURY,"68225","SUDBURY, TOWN OF",MIDDLESEX,24.72143642,"1776",MA2174000,"MAYNARD DPW, WATER DIVISION",L,"10001",Old Marlboro Road WTP,GW,EP01,Entry Point to Dist. System,EP,,,2023/12/04 00:00:00,M3K0554-01,PFOS,0.004,µg/L,EPA 533,=,0.0042,SE1,AM,"1",MA,,"1776"
"1035",HADLEY,NON UNIQUE,HADLEY,"27655","HADLEY, TOWN OF",HAMPSHIRE,24.54395228,"1035",,,,,,,,,,,,,,,,,,,,,,,,,
"1921",BOXFORD,NON UNIQUE,BOXFORD,"07385","BOXFORD, TOWN OF",ESSEX,24.40552734,"1921",,,,,,,,,,,,,,,,,,,,,,,,,
"1104",SPRINGFIELD,NON UNIQUE,SPRINGFIELD,"67000",SPRINGFIELD,HAMPDEN,5.82433271,"1104",,,,,,,,,,,,,,,,,,,,,,,,,
"2664",SOUTH YARMOUTH,NON UNIQUE,SOUTH YARMOUTH,"66035","YARMOUTH, TOWN OF",BARNSTABLE,7.27037416,"2664",,,,,,,,,,,,,,,,,,,,,,,,,
"2538",EAST WAREHAM,NON UNIQUE,EAST WAREHAM,"20765","WAREHAM, TOWN OF",PLYMOUTH,7.15540936,"2538",,,,,,,,,,,,,,,,,,,,,,,,,
"2655",OSTERVILLE,NON UNIQUE,OSTERVILLE,"51510",BARNSTABLE,BARNSTABLE,6.6879147,"2655",,,,,,,,,,,,,,,,,,,,,,,,,
"2644",FORESTDALE,NON UNIQUE,FORESTDALE,"24190","SANDWICH, TOWN OF",BARNSTABLE,6.76138228,"2644",,,,,,,,,,,,,,,,,,,,,,,,,
"2420",LEXINGTON,NON UNIQUE,LEXINGTON,"35250","LEXINGTON, TOWN OF",MIDDLESEX,6.72985299,"2420",,,,,,,,,,,,,,,,,,,,,,,,,
"2180",STONEHAM,NON UNIQUE,STONEHAM,"67700","STONEHAM, TOWN OF",MIDDLESEX,6.52967935,"2180",,,,,,,,,,,,,,,,,,,,,,,,,
"1890",WINCHESTER,NON UNIQUE,WINCHESTER,"80545","WINCHESTER, TOWN OF",MIDDLESEX,6.33133579,"1890",,,,,,,,,,,,,,,,,,,,,,,,,
"2451",WALTHAM,NON UNIQUE,WALTHAM,"72600",WALTHAM,MIDDLESEX,6.03202378,"2451",,,,,,,,,,,,,,,,,,,,,,,,,
"1605",WORCESTER,NON UNIQUE,WORCESTER,"82000",WORCESTER,WORCESTER,6.02581551,"1605",,,,,,,,,,,,,,,,,,,,,,,,,
"1537",NORTH OXFORD,NON UNIQUE,NORTH OXFORD,"48675","OXFORD, TOWN OF",WORCESTER,5.93527472,"1537",,,,,,,,,,,,,,,,,,,,,,,,,
"1606",WORCESTER,NON UNIQUE,WORCESTER,"82000",WORCESTER,WORCESTER,5.91677304,"1606",,,,,,,,,,,,,,,,,,,,,,,,,
"1602",WORCESTER,NON UNIQUE,WORCESTER,"82000",WORCESTER,WORCESTER,5.79556491,"1602",,,,,,,,,,,,,,,,,,,,,,,,,
"2638",DENNIS,NON UNIQUE,DENNIS,"16740","DENNIS, TOWN OF",BARNSTABLE,5.75782751,"2638",,,,,,,,,,,,,,,,,,,,,,,,,
"2151",REVERE,NON UNIQUE,REVERE,"56585",REVERE,SUFFOLK,6.20007829,"2151",,,,,,,,,,,,,,,,,,,,,,,,,
"1013",CHICOPEE,NON UNIQUE,CHICOPEE,"13660",CHICOPEE,HAMPDEN,6.17874852,"1013",,,,,,,,,,,,,,,,,,,,,,,,,
"1604",WORCESTER,NON UNIQUE,WORCESTER,"82000",WORCESTER,WORCESTER,6.95478238,"1604",,,,,,,,,,,,,,,,,,,,,,,,,
"2382",WHITMAN,NON UNIQUE,WHITMAN,"79565","WHITMAN, TOWN OF",PLYMOUTH,6.87364688,"2382",,,,,,,,,,,,,,,,,,,,,,,,,
"1349",MILLERS FALLS,NON UNIQUE,MILLERS FALLS,"41410","MONTAGUE, TOWN OF",FRANKLIN,6.79667982,"1349",,,,,,,,,,,,,,,,,,,,,,,,,
"1880",WAKEFIELD,NON UNIQUE,WAKEFIELD,"72250","WAKEFIELD, TOWN OF",MIDDLESEX,7.93378999,"1880",,,,,,,,,,,,,,,,,,,,,,,,,
"2190",SOUTH WEYMOUTH,NON UNIQUE,SOUTH WEYMOUTH,"65720","WEYMOUTH, TOWN OF",NORFOLK,7.77138409,"2190",,,,,,,,,,,,,,,,,,,,,,,,,
"1852",LOWELL,NON UNIQUE,LOWELL,"37000",LOWELL,MIDDLESEX,4.98826343,"1852",,,,,,,,,,,,,,,,,,,,,,,,,
"1032",GOSHEN,NON UNIQUE,GOSHEN,"26255","GOSHEN, TOWN OF",HAMPSHIRE,4.87502661,"1032",,,,,,,,,,,,,,,,,,,,,,,,,
"2726",SOMERSET,NON UNIQUE,SOMERSET,"62465","SOMERSET, TOWN OF",BRISTOL,5.81406387,"2726",,,,,,,,,,,,,,,,,,,,,,,,,
"1088",WEST HATFIELD,NON UNIQUE,WEST HATFIELD,"76485","HATFIELD, TOWN OF",HAMPSHIRE,5.80545988,"1088",,,,,,,,,,,,,,,,,,,,,,,,,
"1070",PLAINFIELD,NON UNIQUE,PLAINFIELD,"53995","PLAINFIELD, TOWN OF",HAMPSHIRE,19.14670368,"1070",,,,,,,,,,,,,,,,,,,,,,,,,
"2021",CANTON,NON UNIQUE,CANTON,"11350","CANTON, TOWN OF",NORFOLK,19.02226963,"2021",,,,,,,,,,,,,,,,,,,,,,,,,
"2364",KINGSTON,NON UNIQUE,KINGSTON,"33185","KINGSTON, TOWN OF",PLYMOUTH,18.95810695,"2364",,,,,,,,,,,,,,,,,,,,,,,,,
"2721",FALL RIVER,NON UNIQUE,FALL RIVER,"23000",FALL RIVER,BRISTOL,5.75393712,"2721",,,,,,,,,,,,,,,,,,,,,,,,,
"2635",COTUIT,NON UNIQUE,COTUIT,"15515",BARNSTABLE,BARNSTABLE,5.69000413,"2635",,,,,,,,,,,,,,,,,,,,,,,,,
"1342",DEERFIELD,NON UNIQUE,DEERFIELD,"16635","DEERFIELD, TOWN OF",FRANKLIN,19.72516246,"1342",,,,,,,,,,,,,,,,,,,,,,,,,
"1036",HAMPDEN,NON UNIQUE,HAMPDEN,"28040","HAMPDEN, TOWN OF",HAMPDEN,19.64372813,"1036",,,,,,,,,,,,,,,,,,,,,,,,,
"1226",DALTON,NON UNIQUE,DALTON,"16215","DALTON, TOWN OF",BERKSHIRE,19.59946819,"1226",,,,,,,,,,,,,,,,,,,,,,,,,
"2717",EAST FREETOWN,NON UNIQUE,EAST FREETOWN,"19120","FREETOWN, TOWN OF",BRISTOL,19.49451905,"2717",,,,,,,,,,,,,,,,,,,,,,,,,
"2571",WAREHAM,NON UNIQUE,WAREHAM,"72950","WAREHAM, TOWN OF",PLYMOUTH,19.28675957,"2571",,,,,,,,,,,,,,,,,,,,,,,,,
"2532",BUZZARDS BAY,NON UNIQUE,BUZZARDS BAY,"10015","BOURNE, TOWN OF",BARNSTABLE,19.06934684,"2532",,,,,,,,,,,,,,,,,,,,,,,,,
"1746",HOLLISTON,NON UNIQUE,HOLLISTON,"30735","HOLLISTON, TOWN OF",MIDDLESEX,18.92314106,"1746",,,,,,,,,,,,,,,,,,,,,,,,,
"2019",BELLINGHAM,NON UNIQUE,BELLINGHAM,"04965","BELLINGHAM, TOWN OF",NORFOLK,18.92076166,"2019",,,,,,,,,,,,,,,,,,,,,,,,,
"1505",BOYLSTON,NON UNIQUE,BOYLSTON,"07490","BOYLSTON, TOWN OF",WORCESTER,18.74784871,"1505",,,,,,,,,,,,,,,,,,,,,,,,,
"1532",NORTHBOROUGH,NON UNIQUE,NORTHBOROUGH,"46785","NORTHBOROUGH, TOWN OF",WORCESTER,18.69268075,"1532",,,,,,,,,,,,,,,,,,,,,,,,,
"2740",NEW BEDFORD,NON UNIQUE,NEW BEDFORD,"45000",NEW BEDFORD,BRISTOL,5.63284471,"2740",,,,,,,,,,,,,,,,,,,,,,,,,
"1109",SPRINGFIELD,NON UNIQUE,SPRINGFIELD,"67000",SPRINGFIELD,HAMPDEN,5.49722773,"1109",,,,,,,,,,,,,,,,,,,,,,,,,
"1747",HOPEDALE,NON UNIQUE,HOPEDALE,"30980","HOPEDALE, TOWN OF",WORCESTER,5.43176771,"1747",,,,,,,,,,,,,,,,,,,,,,,,,
"1754",MAYNARD,NON UNIQUE,MAYNARD,"39660","MAYNARD, TOWN OF",MIDDLESEX,5.3755576,"1754",MA2174000,"MAYNARD DPW, WATER DIVISION",L,"10001",Old Marlboro Road WTP,GW,EP01,Entry Point to Dist. System,EP,,,2023/12/04 00:00:00,M3K0554-01,PFOS,0.004,µg/L,EPA 533,=,0.0042,SE1,AM,"1",MA,,"1754"
"2132",WEST ROXBURY,NON UNIQUE,WEST ROXBURY,"77710",BOSTON,SUFFOLK,5.35024886,"2132",,,,,,,,,,,,,,,,,,,,,,,,,
"1026",CUMMINGTON,NON UNIQUE,CUMMINGTON,"16005","WINDSOR, TOWN OF",BERKSHIRE,5.21486287,"1026",,,,,,,,,,,,,,,,,,,,,,,,,
"1022",CHICOPEE,NON UNIQUE,CHICOPEE,"13660",CHICOPEE,HAMPDEN,5.13362779,"1022",,,,,,,,,,,,,,,,,,,,,,,,,
"2459",NEWTON CENTER,NON UNIQUE,NEWTON CENTER,"45595",NEWTON,MIDDLESEX,5.0984046,"2459",,,,,,,,,,,,,,,,,,,,,,,,,
"2148",MALDEN,NON UNIQUE,MALDEN,"37875",MALDEN,MIDDLESEX,5.06604148,"2148",,,,,,,,,,,,,,,,,,,,,,,,,
"2559",POCASSET,NON UNIQUE,POCASSET,"54450","BOURNE, TOWN OF",BARNSTABLE,5.0456276,"2559",,,,,,,,,,,,,,,,,,,,,,,,,
"1529",MILLVILLE,NON UNIQUE,MILLVILLE,"41620","MILLVILLE, TOWN OF",WORCESTER,5.04278197,"1529",,,,,,,,,,,,,,,,,,,,,,,,,
"2128",EAST BOSTON,NON UNIQUE,EAST BOSTON,"18280",BOSTON,SUFFOLK,5.03662929,"2128",,,,,,,,,,,,,,,,,,,,,,,,,
"2482",WELLESLEY,NON UNIQUE,WELLESLEY,"74210","WELLESLEY, TOWN OF",NORFOLK,4.86989379,"2482",,,,,,,,,,,,,,,,,,,,,,,,,
"1905",LYNN,NON UNIQUE,LYNN,"37490",LYNN,ESSEX,4.86558319,"1905",,,,,,,,,,,,,,,,,,,,,,,,,
"2176",MELROSE,NON UNIQUE,MELROSE,"40115",MELROSE,MIDDLESEX,4.76891454,"2176",,,,,,,,,,,,,,,,,,,,,,,,,
"2478",BELMONT,NON UNIQUE,BELMONT,"05105","BELMONT, TOWN OF",MIDDLESEX,4.70109307,"2478",,,,,,,,,,,,,,,,,,,,,,,,,
"1376",TURNERS FALLS,NON UNIQUE,TURNERS FALLS,"70815","MONTAGUE, TOWN OF",FRANKLIN,4.60415993,"1376",,,,,,,,,,,,,,,,,,,,,,,,,
"1053",LEEDS,NON UNIQUE,LEEDS,"34725",NORTHAMPTON,HAMPSHIRE,4.5818973,"1053",,,,,,,,,,,,,,,,,,,,,,,,,
"2630",BARNSTABLE,NON UNIQUE,BARNSTABLE,"03600",BARNSTABLE,BARNSTABLE,4.29315241,"2630",MA4020000,BARNSTABLE FIRE DISTRICT,S,402000003G,GP WELL  3,GW,"10005",WELL #3 & WELL #4,EP,,,2023/10/17 00:00:00,110311R,PFOS,0.004,µg/L,EPA 533,=,0.0071,SE2,AM,"1",MA,,"2630"
"2556",NORTH FALMOUTH,NON UNIQUE,NORTH FALMOUTH,"47730","FALMOUTH, TOWN OF",BARNSTABLE,4.24815583,"2556",,,,,,,,,,,,,,,,,,,,,,,,,
"2743",ACUSHNET,NON UNIQUE,ACUSHNET,"00485","ACUSHNET, TOWN OF",BRISTOL,18.3472538,"2743",,,,,,,,,,,,,,,,,,,,,,,,,
"1824",CHELMSFORD,NON UNIQUE,CHELMSFORD,"13100","CHELMSFORD, TOWN OF",MIDDLESEX,18.1405142,"1824",MA3056000,CHELMSFORD WATER DISTRICT,L,"9",Riverneck WTP,GW,"1305",Entry Point to Dist. System,EP,,,2023/12/27 00:00:00,810-89127-1,PFOS,0.004,µg/L,EPA 533,=,0.0053,SE1,AM,"1",MA,,"1824"
"1775",STOW,NON UNIQUE,STOW,"68015","STOW, TOWN OF",MIDDLESEX,17.99819497,"1775",MA2002000,ACTON WATER SUPPLY DISTRICT,L,"32",South Acton WTP,GU,MULT14,Entry Point to the Distribution System,EP,,,2023/12/06 00:00:00,810-87135-1,PFOS,0.004,µg/L,EPA 533,=,0.0047,SE4,AM,"1",MA,,"1775"
"1756",MENDON,NON UNIQUE,MENDON,"40220","MENDON, TOWN OF",WORCESTER,17.98531918,"1756",,,,,,,,,,,,,,,,,,,,,,,,,
"2645",HARWICH,NON UNIQUE,HARWICH,"28985",HARWICH,BARNSTABLE,17.91297128,"2645",,,,,,,,,,,,,,,,,,,,,,,,,
"2081",WALPOLE,NON UNIQUE,WALPOLE,"72460","WALPOLE, TOWN OF",NORFOLK,17.88059135,"2081",MA4307000,WALPOLE WATER DEPT,L,"58",Edward J. Delaney WTP,GW,"10355",Entry Point to Dist. System,EP,,,2024/02/07 00:00:00,L2406618-01,PFOS,0.004,µg/L,EPA 533,=,0.004,SE2,AM,"1",MA,,"2081"
"1062",FLORENCE,NON UNIQUE,FLORENCE,"24050",NORTHAMPTON,HAMPSHIRE,17.85836956,"1062",,,,,,,,,,,,,,,,,,,,,,,,,
"1969",ROWLEY,NON UNIQUE,ROWLEY,"58370","ROWLEY, TOWN OF",ESSEX,17.76656333,"1969",MA3254000,ROWLEY WATER DEPARTMENT,S,325400002G,HAVERHILL ST. GP WELL 2,GW,"10002",HAVERHILL ST. GP WELL # 2,EP,,,2023/07/10 00:00:00,105843P,PFOS,0.004,µg/L,EPA 533,=,0.0055,SE2,AM,"1",MA,,"1969"
"2322",AVON,NON UNIQUE,AVON,"02970","AVON, TOWN OF",NORFOLK,4.51614029,"2322",,,,,,,,,,,,,,,,,,,,,,,,,
"1434",DEVENS,NON UNIQUE,DEVENS,"16840","HARVARD, TOWN OF",WORCESTER,4.49453182,"1434",,,,,,,,,,,,,,,,,,,,,,,,,
"1945",MARBLEHEAD,NON UNIQUE,MARBLEHEAD,"38435","MARBLEHEAD, TOWN OF",ESSEX,4.4646786,"1945",,,,,,,,,,,,,,,,,,,,,,,,,
"12125",NEW LEBANON,NON UNIQUE,NEW LEBANON,"50441","HANCOCK, TOWN OF",BERKSHIRE,4.46073947,"12125",,,,,,,,,,,,,,,,,,,,,,,,,
"2136",HYDE PARK,NON UNIQUE,HYDE PARK,"31960",BOSTON,SUFFOLK,4.44098684,"2136",,,,,,,,,,,,,,,,,,,,,,,,,
"1863",NORTH CHELMSFORD,NON UNIQUE,NORTH CHELMSFORD,"47310","CHELMSFORD, TOWN OF",MIDDLESEX,4.80271258,"1863",,,,,,,,,,,,,,,,,,,,,,,,,
"1346",HEATH,NON UNIQUE,HEATH,"29615","HEATH, TOWN OF",FRANKLIN,4.80192654,"1346",,,,,,,,,,,,,,,,,,,,,,,,,
"1603",WORCESTER,NON UNIQUE,WORCESTER,"82000",WORCESTER,WORCESTER,4.77564454,"1603",,,,,,,,,,,,,,,,,,,,,,,,,
"2779",BERKLEY,NON UNIQUE,BERKLEY,"05245","BERKLEY, TOWN OF",BRISTOL,16.82464022,"2779",,,,,,,,,,,,,,,,,,,,,,,,,
"2066",SCITUATE,NON UNIQUE,SCITUATE,"60295","SCITUATE, TOWN OF",PLYMOUTH,16.79866201,"2066",MA4264000,SCITUATE WATER DIVISION,L,"90003",Wells #19 & 22R,GW,"4337",Entry Point to Dist. System,EP,,,2023/08/23 00:00:00,810-75418-1,PFOS,0.004,µg/L,EPA 533,=,0.0048,SE2,AM,"1",MA,,"2066"
"1506",BROOKFIELD,NON UNIQUE,BROOKFIELD,"09070","BROOKFIELD, TOWN OF",WORCESTER,16.75592443,"1506",,,,,,,,,,,,,,,,,,,,,,,,,
"1960",PEABODY,NON UNIQUE,PEABODY,"52490",PEABODY,ESSEX,16.73734506,"1960",,,,,,,,,,,,,,,,,,,,,,,,,
"2771",SEEKONK,NON UNIQUE,SEEKONK,"60680","SEEKONK, TOWN OF",BRISTOL,18.68388184,"2771",,,,,,,,,,,,,,,,,,,,,,,,,
"1071",RUSSELL,NON UNIQUE,RUSSELL,"58615","RUSSELL, TOWN OF",HAMPDEN,18.38903068,"1071",,,,,,,,,,,,,,,,,,,,,,,,,
"2760",NORTH ATTLEBORO,NON UNIQUE,NORTH ATTLEBORO,"46505","NORTH ATTLEBOROUGH, TOWN OF",BRISTOL,18.38782614,"2760",,,,,,,,,,,,,,,,,,,,,,,,,
"1770",SHERBORN,NON UNIQUE,SHERBORN,"61345","SHERBORN, TOWN OF",MIDDLESEX,16.12961653,"1770",,,,,,,,,,,,,,,,,,,,,,,,,
"1464",SHIRLEY,NON UNIQUE,SHIRLEY,"61555","SHIRLEY, TOWN OF",MIDDLESEX,15.9855142,"1464",,,,,,,,,,,,,,,,,,,,,,,,,
"2653",ORLEANS,NON UNIQUE,ORLEANS,"51405","ORLEANS, TOWN OF",BARNSTABLE,15.91339534,"2653",,,,,,,,,,,,,,,,,,,,,,,,,
"1778",WAYLAND,NON UNIQUE,WAYLAND,"73755","WAYLAND, TOWN OF",MIDDLESEX,15.89426224,"1778",MA3315000,WAYLAND WATER DEPARTMENT,L,"18",Chamberlain GP Well,GW,"10008",Entry Point to Dist. System,EP,,,2023/10/18 00:00:00,L2362102-01,PFOS,0.004,µg/L,EPA 533,=,0.004,SE2,AM,"1",MA,,"1778"
"1879",TYNGSBORO,NON UNIQUE,TYNGSBORO,"70955","TYNGSBOROUGH, TOWN OF",MIDDLESEX,17.63680648,"1879",,,,,,,,,,,,,,,,,,,,,,,,,
"2333",EAST BRIDGEWATER,NON UNIQUE,EAST BRIDGEWATER,"18420","EAST BRIDGEWATER, TOWN OF",PLYMOUTH,17.59598057,"2333",,,,,,,,,,,,,,,,,,,,,,,,,
"1827",DUNSTABLE,NON UNIQUE,DUNSTABLE,"17790","DUNSTABLE, TOWN OF",MIDDLESEX,16.72090085,"1827",,,,,,,,,,,,,,,,,,,,,,,,,
"1012",CHESTERFIELD,NON UNIQUE,CHESTERFIELD,"13555","CHESTERFIELD, TOWN OF",HAMPSHIRE,16.63193679,"1012",,,,,,,,,,,,,,,,,,,,,,,,,
"1501",AUBURN,NON UNIQUE,AUBURN,"02795","AUBURN, TOWN OF",WORCESTER,16.61910165,"1501",,,,,,,,,,,,,,,,,,,,,,,,,
"2072",STOUGHTON,NON UNIQUE,STOUGHTON,"67980","STOUGHTON, TOWN OF",NORFOLK,16.54588958,"2072",,,,,,,,,,,,,,,,,,,,,,,,,
"1527",MILLBURY,NON UNIQUE,MILLBURY,"41305","MILLBURY, TOWN OF",WORCESTER,16.44778635,"1527",MA2186000,"AQUARION WATER COMPANY, MILLBURY",S,218600001G,MILLBURY AVE DUG WELL (24 WIDE),GU,01G,TREATED: MILLBURY AVENUE WELL,EP,,,2023/09/26 00:00:00,107789P,PFOS,0.004,µg/L,EPA 533,=,0.0057,SE3,AM,"1",MA,,"1527"
"1028",EAST LONGMEADOW,NON UNIQUE,EAST LONGMEADOW,"19680","EAST LONGMEADOW, TOWN OF",HAMPDEN,12.9900184,"1028",,,,,,,,,,,,,,,,,,,,,,,,,
"1801",WOBURN,NON UNIQUE,WOBURN,"81035",WOBURN,MIDDLESEX,12.92433916,"1801",,,,,,,,,,,,,,,,,,,,,,,,,
"1522",JEFFERSON,NON UNIQUE,JEFFERSON,"32590","HOLDEN, TOWN OF",WORCESTER,15.86943088,"1522",,,,,,,,,,,,,,,,,,,,,,,,,
"1760",NATICK,NON UNIQUE,NATICK,"43930","NATICK, TOWN OF",MIDDLESEX,15.77607703,"1760",,,,,,,,,,,,,,,,,,,,,,,,,
"2720",FALL RIVER,NON UNIQUE,FALL RIVER,"23000",FALL RIVER,BRISTOL,15.73243933,"2720",,,,,,,,,,,,,,,,,,,,,,,,,
"1951",NEWBURY,NON UNIQUE,NEWBURY,"45175","NEWBURY, TOWN OF",ESSEX,17.72522513,"1951",MA3206000,NEWBURYPORT WATER DEPARTMENT,L,"5",Newburyport WTP,MX,"19393",Entry Point to Dist. System,EP,,,2024/02/06 00:00:00,M4A0284-01,PFOS,0.004,µg/L,EPA 533,=,0.0046,SE1,AM,"1",MA,,"1951"
"1089",WEST SPRINGFIELD,NON UNIQUE,WEST SPRINGFIELD,"77885","WEST SPRINGFIELD, TOWN OF",HAMPDEN,17.56702447,"1089",,,,,,,,,,,,,,,,,,,,,,,,,
"1701",FRAMINGHAM,NON UNIQUE,FRAMINGHAM,"24960","FRAMINGHAM, TOWN OF",MIDDLESEX,17.50691851,"1701",,,,,,,,,,,,,,,,,,,,,,,,,
"2563",SANDWICH,NON UNIQUE,SANDWICH,"59700","SANDWICH, TOWN OF",BARNSTABLE,17.44457133,"2563",,,,,,,,,,,,,,,,,,,,,,,,,
"2338",HALIFAX,NON UNIQUE,HALIFAX,"27760","HALIFAX, TOWN OF",PLYMOUTH,17.42146964,"2338",,,,,,,,,,,,,,,,,,,,,,,,,
"2739",MATTAPOISETT,NON UNIQUE,MATTAPOISETT,"39415","MATTAPOISETT, TOWN OF",PLYMOUTH,17.41307061,"2739",,,,,,,,,,,,,,,,,,,,,,,,,
"2493",WESTON,NON UNIQUE,WESTON,"77290","WESTON, TOWN OF",MIDDLESEX,17.3284727,"2493",,,,,,,,,,,,,,,,,,,,,,,,,
"1524",LEICESTER,NON UNIQUE,LEICESTER,"34760","LEICESTER, TOWN OF",WORCESTER,17.2384681,"1524",,,,,,,,,,,,,,,,,,,,,,,,,
"1460",LITTLETON,NON UNIQUE,LITTLETON,"35915","LITTLETON, TOWN OF",MIDDLESEX,17.23051935,"1460",,,,,,,,,,,,,,,,,,,,,,,,,
"1887",WILMINGTON,NON UNIQUE,WILMINGTON,"80195","WILMINGTON, TOWN OF",MIDDLESEX,17.13941417,"1887",,,,,,,,,,,,,,,,,,,,,,,,,
"1075",SOUTH HADLEY,NON UNIQUE,SOUTH HADLEY,"64110","SOUTH HADLEY, TOWN OF",HAMPSHIRE,17.10297367,"1075",,,,,,,,,,,,,,,,,,,,,,,,,
"1821",BILLERICA,NON UNIQUE,BILLERICA,"05770","BILLERICA, TOWN OF",MIDDLESEX,17.01223411,"1821",,,,,,,,,,,,,,,,,,,,,,,,,
"1050",HUNTINGTON,NON UNIQUE,HUNTINGTON,"31750","CHESTER, TOWN OF",HAMPDEN,16.9885371,"1050",,,,,,,,,,,,,,,,,,,,,,,,,
"2668",WEST BARNSTABLE,NON UNIQUE,WEST BARNSTABLE,"74805",BARNSTABLE,BARNSTABLE,16.91601285,"2668",MA4020000,BARNSTABLE FIRE DISTRICT,S,402000003G,GP WELL  3,GW,"10005",WELL #3 & WELL #4,EP,,,2023/10/17 00:00:00,110311R,PFOS,0.004,µg/L,EPA 533,=,0.0071,SE2,AM,"1",MA,,"2668"
"2702",ASSONET,NON UNIQUE,ASSONET,"02340","FREETOWN, TOWN OF",BRISTOL,16.89180252,"2702",,,,,,,,,,,,,,,,,,,,,,,,,
"2339",HANOVER,NON UNIQUE,HANOVER,"28250","HANOVER, TOWN OF",PLYMOUTH,15.61457403,"2339",MA4122000,"HANOVER WATER DEPT, MA",L,"22",Pond Street TP,GW,"15682",Entry Point to Dist. System,EP,,,2023/08/22 00:00:00,810-75000-1,PFOS,0.004,µg/L,EPA 533,=,0.0114,SE1,AM,"1",MA,,"2339"
"1612",PAXTON,NON UNIQUE,PAXTON,"52385","PAXTON, TOWN OF",WORCESTER,15.56045276,"1612",,,,,,,,,,,,,,,,,,,,,,,,,
"1757",MILFORD,NON UNIQUE,MILFORD,"41200","MILFORD, TOWN OF",WORCESTER,15.50189408,"1757",,,,,,,,,,,,,,,,,,,,,,,,,
"1772",SOUTHBOROUGH,NON UNIQUE,SOUTHBOROUGH,"63130","SOUTHBOROUGH, TOWN OF",WORCESTER,15.3194387,"1772",,,,,,,,,,,,,,,,,,,,,,,,,
"2030",DOVER,NON UNIQUE,DOVER,"17370","DOVER, TOWN OF",NORFOLK,15.30453414,"2030",,,,,,,,,,,,,,,,,,,,,,,,,
"1081",WALES,NON UNIQUE,WALES,"72355","WALES, TOWN OF",HAMPDEN,15.08317281,"1081",,,,,,,,,,,,,,,,,,,,,,,,,
"2367",PLYMPTON,NON UNIQUE,PLYMPTON,"54380","PLYMPTON, TOWN OF",PLYMOUTH,15.01761861,"2367",,,,,,,,,,,,,,,,,,,,,,,,,
"1375",SUNDERLAND,NON UNIQUE,SUNDERLAND,"68365","SUNDERLAND, TOWN OF",FRANKLIN,15.01391069,"1375",,,,,,,,,,,,,,,,,,,,,,,,,
"1583",WEST BOYLSTON,NON UNIQUE,WEST BOYLSTON,"75120","WEST BOYLSTON, TOWN OF",WORCESTER,14.7720409,"1583",,,,,,,,,,,,,,,,,,,,,,,,,
"2052",MEDFIELD,NON UNIQUE,MEDFIELD,"39730","MEDFIELD, TOWN OF",NORFOLK,14.56583703,"2052",,,,,,,,,,,,,,,,,,,,,,,,,
"1354",GILL,NON UNIQUE,GILL,"25710","GILL, TOWN OF",FRANKLIN,14.56189331,"1354",,,,,,,,,,,,,,,,,,,,,,,,,
"1830",HAVERHILL,NON UNIQUE,HAVERHILL,"29405",HAVERHILL,ESSEX,14.41456623,"1830",,,,,,,,,,,,,,,,,,,,,,,,,
"1254",RICHMOND,NON UNIQUE,RICHMOND,"56760","RICHMOND, TOWN OF",BERKSHIRE,14.38494815,"1254",,,,,,,,,,,,,,,,,,,,,,,,,
"2356",NORTH EASTON,NON UNIQUE,NORTH EASTON,"47625","EASTON, TOWN OF",BRISTOL,14.25556434,"2356",MA4088000,EASTON WATER DIV,L,"90002",Well #1,GW,"90002",Entry Point to Dist. System,EP,,,2023/07/12 00:00:00,810-69492-1,PFOS,0.004,µg/L,EPA 533,=,0.0163,SE2,AM,"1",MA,,"2356"
"2642",EASTHAM,NON UNIQUE,EASTHAM,"19260","EASTHAM, TOWN OF",BARNSTABLE,14.0863438,"2642",,,,,,,,,,,,,,,,,,,,,,,,,
"1011",CHESTER,NON UNIQUE,CHESTER,"13450","MIDDLEFIELD, TOWN OF",HAMPSHIRE,13.88726585,"1011",,,,,,,,,,,,,,,,,,,,,,,,,
"1262",STOCKBRIDGE,PO BOX,STOCKBRIDGE,"67560","STOCKBRIDGE, TOWN OF",BERKSHIRE,15.01129688,"1262",,,,,,,,,,,,,,,,,,,,,,,,,
"1982",SOUTH HAMILTON,NON UNIQUE,SOUTH HAMILTON,"64215","HAMILTON, TOWN OF",ESSEX,14.81697173,"1982",MA3119000,HAMILTON WATER DEPT,S,3119000058G,"IDLEWOOD WTF, FINISHED (05G-08G)",GW,"10020","IDLEWOOD WTF, FINISHED (05G-08G)",EP,,,2023/10/02 00:00:00,108777P,PFOS,0.004,µg/L,EPA 533,=,0.004,SE2,AM,"1",MA,,"1982"
"2375",SOUTH EASTON,NON UNIQUE,SOUTH EASTON,"63725","EASTON, TOWN OF",BRISTOL,14.81273801,"2375",MA4088000,EASTON WATER DIV,L,"90002",Well #1,GW,"90002",Entry Point to Dist. System,EP,,,2023/07/12 00:00:00,810-69492-1,PFOS,0.004,µg/L,EPA 533,=,0.0163,SE2,AM,"1",MA,,"2375"
"1915",BEVERLY,NON UNIQUE,BEVERLY,"05595",BEVERLY,ESSEX,14.76571835,"1915",,,,,,,,,,,,,,,,,,,,,,,,,
"2056",NORFOLK,NON UNIQUE,NORFOLK,"46015","NORFOLK, TOWN OF",NORFOLK,15.49352305,"2056",,,,,,,,,,,,,,,,,,,,,,,,,
"2341",HANSON,NON UNIQUE,HANSON,"28460","HANSON, TOWN OF",PLYMOUTH,15.49169269,"2341",,,,,,,,,,,,,,,,,,,,,,,,,
"1952",SALISBURY,NON UNIQUE,SALISBURY,"59210","SALISBURY, TOWN OF",ESSEX,15.4487442,"1952",,,,,,,,,,,,,,,,,,,,,,,,,
"1741",CARLISLE,NON UNIQUE,CARLISLE,"11490","CARLISLE, TOWN OF",MIDDLESEX,15.42731179,"1741",,,,,,,,,,,,,,,,,,,,,,,,,
"1521",HOLLAND,NON UNIQUE,HOLLAND,"30630","HOLLAND, TOWN OF",HAMPDEN,12.90688812,"1521",,,,,,,,,,,,,,,,,,,,,,,,,
"1721",ASHLAND,NON UNIQUE,ASHLAND,"02165","ASHLAND, TOWN OF",MIDDLESEX,12.88951639,"1721",,,,,,,,,,,,,,,,,,,,,,,,,
"1060",NORTHAMPTON,NON UNIQUE,NORTHAMPTON,"46330",NORTHAMPTON,HAMPSHIRE,12.61519461,"1060",,,,,,,,,,,,,,,,,,,,,,,,,
"2301",BROCKTON,NON UNIQUE,BROCKTON,"09000",BROCKTON,PLYMOUTH,12.59871864,"2301",,,,,,,,,,,,,,,,,,,,,,,,,
"1020",CHICOPEE,NON UNIQUE,CHICOPEE,"13660",CHICOPEE,HAMPDEN,12.5848217,"1020",,,,,,,,,,,,,,,,,,,,,,,,,
"2719",FAIRHAVEN,NON UNIQUE,FAIRHAVEN,"22165","FAIRHAVEN, TOWN OF",BRISTOL,12.48580136,"2719",,,,,,,,,,,,,,,,,,,,,,,,,
"1949",MIDDLETON,NON UNIQUE,MIDDLETON,"41130","MIDDLETON, TOWN OF",ESSEX,14.50522906,"1949",MA3071000,DANVERS WATER DEPT.,L,"90001",Well #2,GW,"10208",Well #2 Finish Water,EP,,,2023/12/18 00:00:00,M3J0733-03,PFOS,0.004,µg/L,EPA 533,=,0.0052,SE1,AM,"1",MA,,"1949"
"1570",WEBSTER,NON UNIQUE,WEBSTER,"73930","WEBSTER, TOWN OF",WORCESTER,14.5042978,"1570",,,,,,,,,,,,,,,,,,,,,,,,,
"1344",ERVING,NON UNIQUE,ERVING,"21745","ERVING, TOWN OF",FRANKLIN,14.43709841,"1344",,,,,,,,,,,,,,,,,,,,,,,,,
"2184",BRAINTREE,NON UNIQUE,BRAINTREE,"07700","BRAINTREE, TOWN OF",NORFOLK,14.42976096,"2184",MA4040000,BRAINTREE WATER AND SEWER DEPT.,L,"10182",Great Pond Treatment Plant,SW,"10182",Finished Water,EP,,,2023/06/26 00:00:00,Q2324399001,PFOS,0.004,µg/L,EPA 533,=,0.0075,SE2,AM,"1",MA,,"2184"
"2379",WEST BRIDGEWATER,NON UNIQUE,WEST BRIDGEWATER,"75225","WEST BRIDGEWATER, TOWN OF",PLYMOUTH,15.65883331,"2379",,,,,,,,,,,,,,,,,,,,,,,,,
"2054",MILLIS,NON UNIQUE,MILLIS,"41480","MILLIS, TOWN OF",NORFOLK,11.97150548,"2054",MA2187000,MILLIS WATER DEPT,S,218700003G,WELL 3,GW,03G,FINISHED: WELL #3 VILLAGE ST. WTF,EP,,,2023/11/07 00:00:00,109530P,PFOS,0.004,µg/L,EPA 533,=,0.0072,SE2,AM,"1",MA,,"2054"
"1749",HUDSON,NON UNIQUE,HUDSON,"31575","HUDSON, TOWN OF",MIDDLESEX,11.89454278,"1749",,,,,,,,,,,,,,,,,,,,,,,,,
"1803",BURLINGTON,NON UNIQUE,BURLINGTON,"09875","BURLINGTON, TOWN OF",MIDDLESEX,11.81364592,"1803",,,,,,,,,,,,,,,,,,,,,,,,,
"2633",CHATHAM,NON UNIQUE,CHATHAM,"12960","CHATHAM, TOWN OF",BARNSTABLE,11.76654826,"2633",,,,,,,,,,,,,,,,,,,,,,,,,
"1343",DRURY,NON UNIQUE,DRURY,"17545","FLORIDA, TOWN OF",BERKSHIRE,10.86544871,"1343",,,,,,,,,,,,,,,,,,,,,,,,,
"2062",NORWOOD,NON UNIQUE,NORWOOD,"50285","NORWOOD, TOWN OF",NORFOLK,10.75391176,"2062",,,,,,,,,,,,,,,,,,,,,,,,,
"2718",EAST TAUNTON,NON UNIQUE,EAST TAUNTON,"20555",TAUNTON,BRISTOL,10.69281858,"2718",,,,,,,,,,,,,,,,,,,,,,,,,
"1536",NORTH GRAFTON,NON UNIQUE,NORTH GRAFTON,"48010","GRAFTON, TOWN OF",WORCESTER,9.01724966,"1536",,,,,,,,,,,,,,,,,,,,,,,,,
"1432",AYER,NON UNIQUE,AYER,"03040","AYER, TOWN OF",MIDDLESEX,8.96661652,"1432",,,,,,,,,,,,,,,,,,,,,,,,,
"2302",BROCKTON,NON UNIQUE,BROCKTON,"09000",BROCKTON,PLYMOUTH,8.91587599,"2302",,,,,,,,,,,,,,,,,,,,,,,,,
"1038",HATFIELD,NON UNIQUE,HATFIELD,"29230","HATFIELD, TOWN OF",HAMPSHIRE,10.68702294,"1038",,,,,,,,,,,,,,,,,,,,,,,,,
"1773",LINCOLN,NON UNIQUE,LINCOLN,"35390","LINCOLN, TOWN OF",MIDDLESEX,14.17605338,"1773",,,,,,,,,,,,,,,,,,,,,,,,,
"1985",WEST NEWBURY,NON UNIQUE,WEST NEWBURY,"77115","WEST NEWBURY, TOWN OF",ESSEX,14.04268244,"1985",MA3206000,NEWBURYPORT WATER DEPARTMENT,L,"5",Newburyport WTP,MX,"19393",Entry Point to Dist. System,EP,,,2024/02/06 00:00:00,M4A0284-01,PFOS,0.004,µg/L,EPA 533,=,0.0046,SE1,AM,"1",MA,,"1985"
"1923",DANVERS,NON UNIQUE,DANVERS,"16285","DANVERS, TOWN OF",ESSEX,13.79238767,"1923",MA3071000,DANVERS WATER DEPT.,L,"90001",Well #2,GW,"10208",Well #2 Finish Water,EP,,,2023/12/18 00:00:00,M3J0733-03,PFOS,0.004,µg/L,EPA 533,=,0.0052,SE1,AM,"1",MA,,"1923"
"1929",ESSEX,NON UNIQUE,ESSEX,"21815","ESSEX, TOWN OF",ESSEX,13.66307757,"1929",,,,,,,,,,,,,,,,,,,,,,,,,
"2666",TRURO,PO BOX,TRURO,"70570","TRURO, TOWN OF",BARNSTABLE,13.6456308,"2666",,,,,,,,,,,,,,,,,,,,,,,,,
"1864",NORTH READING,NON UNIQUE,NORTH READING,"48990","NORTH READING, TOWN OF",MIDDLESEX,13.54211996,"1864",,,,,,,,,,,,,,,,,,,,,,,,,
"2713",CUTTYHUNK,PO BOX,CUTTYHUNK,"16110","GOSNOLD, TOWN OF",DUKES,13.51681236,"2713",,,,,,,,,,,,,,,,,,,,,,,,,
"2738",MARION,NON UNIQUE,MARION,"38505","MARION, TOWN OF",PLYMOUTH,13.27331764,"2738",,,,,,,,,,,,,,,,,,,,,,,,,
"1264",TYRINGHAM,PO BOX,TYRINGHAM,"71060","TYRINGHAM, TOWN OF",BERKSHIRE,13.49442587,"1264",,,,,,,,,,,,,,,,,,,,,,,,,
"1730",BEDFORD,NON UNIQUE,BEDFORD,"04650","BEDFORD, TOWN OF",MIDDLESEX,13.45908353,"1730",,,,,,,,,,,,,,,,,,,,,,,,,
"2186",MILTON,NON UNIQUE,MILTON,"41725","MILTON, TOWN OF",NORFOLK,13.2975273,"2186",,,,,,,,,,,,,,,,,,,,,,,,,
"1913",AMESBURY,NON UNIQUE,AMESBURY,"01220","AMESBURY, TOWN OF",ESSEX,13.20076142,"1913",,,,,,,,,,,,,,,,,,,,,,,,,
"1833",GEORGETOWN,NON UNIQUE,GEORGETOWN,"25590","GEORGETOWN, TOWN OF",ESSEX,13.15355149,"1833",,,,,,,,,,,,,,,,,,,,,,,,,
"1001",AGAWAM,NON UNIQUE,AGAWAM,"00765",AGAWAM,HAMPDEN,12.27864605,"1001",,,,,,,,,,,,,,,,,,,,,,,,,
"2540",FALMOUTH,NON UNIQUE,FALMOUTH,"23070","FALMOUTH, TOWN OF",BARNSTABLE,12.19792898,"2540",,,,,,,,,,,,,,,,,,,,,,,,,
"1030",FEEDING HILLS,NON UNIQUE,FEEDING HILLS,"23455",AGAWAM,HAMPDEN,12.09846946,"1030",,,,,,,,,,,,,,,,,,,,,,,,,
"2169",QUINCY,NON UNIQUE,QUINCY,"55745",QUINCY,NORFOLK,12.08161026,"2169",,,,,,,,,,,,,,,,,,,,,,,,,
"2537",EAST SANDWICH,NON UNIQUE,EAST SANDWICH,"20380","SANDWICH, TOWN OF",BARNSTABLE,11.95072355,"2537",,,,,,,,,,,,,,,,,,,,,,,,,
"2762",PLAINVILLE,NON UNIQUE,PLAINVILLE,"54065","PLAINVILLE, TOWN OF",NORFOLK,11.53309661,"2762",MA4238000,PLAINVILLE WATER DEPARTMENT,S,10125G,"WELL 1, 1A,2, 2A, 5",GU,"10005","MULTIPLE WELLS#1,#2,#5",EP,,,2023/11/08 00:00:00,109541P,PFOS,0.004,µg/L,EPA 533,=,0.0059,SE4,AM,"1",MA,,"2762"
"1983",TOPSFIELD,NON UNIQUE,TOPSFIELD,"70115","TOPSFIELD, TOWN OF",ESSEX,11.52084377,"1983",,,,,,,,,,,,,,,,,,,,,,,,,
"2564",SIASCONSET,PO BOX,SIASCONSET,"61940","NANTUCKET, TOWN OF",NANTUCKET,11.52059832,"2564",,,,,,,,,,,,,,,,,,,,,,,,,
"2053",MEDWAY,NON UNIQUE,MEDWAY,"39940","MEDWAY, TOWN OF",NORFOLK,11.51612817,"2053",,,,,,,,,,,,,,,,,,,,,,,,,
"1436",BALDWINVILLE,NON UNIQUE,BALDWINVILLE,"03355","TEMPLETON, TOWN OF",WORCESTER,11.34580759,"1436",,,,,,,,,,,,,,,,,,,,,,,,,
"1519",GRAFTON,NON UNIQUE,GRAFTON,"26395","GRAFTON, TOWN OF",WORCESTER,10.94144718,"1519",,,,,,,,,,,,,,,,,,,,,,,,,
"2368",RANDOLPH,NON UNIQUE,RANDOLPH,"55990","RANDOLPH, TOWN OF",NORFOLK,10.91509072,"2368",MA4244000,RANDOLPH WATER DEPARTMENT,L,"2",RANDOLPH/HOLBROOK WTP,SW,EP001,EP001/EPTDS from Randolph/Holbrook WTP,EP,,,2024/01/16 00:00:00,810-91511-1,PFOS,0.004,µg/L,EPA 533,=,0.009,SE4,AM,"1",MA,,"2368"
"2351",ABINGTON,NON UNIQUE,ABINGTON,"00135","ABINGTON, TOWN OF",PLYMOUTH,10.20660367,"2351",,,,,,,,,,,,,,,,,,,,,,,,,
"2370",ROCKLAND,NON UNIQUE,ROCKLAND,"57810","ROCKLAND, TOWN OF",PLYMOUTH,10.13422134,"2370",,,,,,,,,,,,,,,,,,,,,,,,,
"1534",NORTHBRIDGE,NON UNIQUE,NORTHBRIDGE,"46890","NORTHBRIDGE, TOWN OF",WORCESTER,9.99433261,"1534",,,,,,,,,,,,,,,,,,,,,,,,,
"2673",WEST YARMOUTH,NON UNIQUE,WEST YARMOUTH,"78795","YARMOUTH, TOWN OF",BARNSTABLE,9.80281756,"2673",,,,,,,,,,,,,,,,,,,,,,,,,
"2421",LEXINGTON,NON UNIQUE,LEXINGTON,"35250","LEXINGTON, TOWN OF",MIDDLESEX,9.65624543,"2421",,,,,,,,,,,,,,,,,,,,,,,,,
"1106",LONGMEADOW,NON UNIQUE,LONGMEADOW,"36335","LONGMEADOW, TOWN OF",HAMPDEN,9.65233734,"1106",,,,,,,,,,,,,,,,,,,,,,,,,
"2576",WEST WAREHAM,NON UNIQUE,WEST WAREHAM,"78410","WAREHAM, TOWN OF",PLYMOUTH,9.52609426,"2576",,,,,,,,,,,,,,,,,,,,,,,,,
"2660",SOUTH DENNIS,NON UNIQUE,SOUTH DENNIS,"63655","DENNIS, TOWN OF",BARNSTABLE,9.20776746,"2660",,,,,,,,,,,,,,,,,,,,,,,,,
"1834",GROVELAND,NON UNIQUE,GROVELAND,"27585","GROVELAND, TOWN OF",ESSEX,9.20026895,"1834",,,,,,,,,,,,,,,,,,,,,,,,,
"2492",NEEDHAM,NON UNIQUE,NEEDHAM,"44140","NEEDHAM, TOWN OF",NORFOLK,9.17900439,"2492",MA3199000,NEEDHAM WATER DEPT,L,"3",Charles River WTP,GW,"10030",Entry Point to Dist. System,EP,,,2024/01/17 00:00:00,35854670003SE1,PFOS,0.004,µg/L,EPA 533,=,0.005,SE1,AM,"1",MA,,"2492"
"1518",FISKDALE,NON UNIQUE,FISKDALE,"23840","STURBRIDGE, TOWN OF",WORCESTER,10.88449441,"1518",,,,,,,,,,,,,,,,,,,,,,,,,
"1039",HAYDENVILLE,NON UNIQUE,HAYDENVILLE,"29545","WILLIAMSBURG, TOWN OF",HAMPSHIRE,10.87388025,"1039",,,,,,,,,,,,,,,,,,,,,,,,,
"1039",HAYDENVILLE,NON UNIQUE,HAYDENVILLE,"29545","WHATELY, TOWN OF",FRANKLIN,10.30562044,"1039",,,,,,,,,,,,,,,,,,,,,,,,,
"2764",NORTH DIGHTON,NON UNIQUE,NORTH DIGHTON,"47520","DIGHTON, TOWN OF",BRISTOL,11.29169449,"2764",,,,,,,,,,,,,,,,,,,,,,,,,
"1906",SAUGUS,NON UNIQUE,SAUGUS,"60050","SAUGUS, TOWN OF",ESSEX,11.28832437,"1906",,,,,,,,,,,,,,,,,,,,,,,,,
"1504",BLACKSTONE,NON UNIQUE,BLACKSTONE,"05980","BLACKSTONE, TOWN OF",WORCESTER,11.21206507,"1504",,,,,,,,,,,,,,,,,,,,,,,,,
"2090",WESTWOOD,NON UNIQUE,WESTWOOD,"78655","WESTWOOD, TOWN OF",NORFOLK,11.05434808,"2090",,,,,,,,,,,,,,,,,,,,,,,,,
"2715",DIGHTON,NON UNIQUE,DIGHTON,"16915","DIGHTON, TOWN OF",BRISTOL,10.98465124,"2715",,,,,,,,,,,,,,,,,,,,,,,,,
"1719",BOXBOROUGH,NON UNIQUE,BOXBOROUGH,"07350","BOXBOROUGH, TOWN OF",MIDDLESEX,10.61615492,"1719",MA2002000,ACTON WATER SUPPLY DISTRICT,L,"32",South Acton WTP,GU,MULT14,Entry Point to the Distribution System,EP,,,2023/12/06 00:00:00,810-87135-1,PFOS,0.004,µg/L,EPA 533,=,0.0047,SE4,AM,"1",MA,,"1719"
"2745",NEW BEDFORD,NON UNIQUE,NEW BEDFORD,"45000",NEW BEDFORD,BRISTOL,10.60601987,"2745",,,,,,,,,,,,,,,,,,,,,,,,,
"1940",LYNNFIELD,NON UNIQUE,LYNNFIELD,"37595","LYNNFIELD, TOWN OF",ESSEX,10.43136675,"1940",,,,,,,,,,,,,,,,,,,,,,,,,
"2025",COHASSET,NON UNIQUE,COHASSET,"14605","COHASSET, TOWN OF",NORFOLK,10.3688627,"2025",,,,,,,,,,,,,,,,,,,,,,,,,
"1515",EAST BROOKFIELD,NON UNIQUE,EAST BROOKFIELD,"18595","EAST BROOKFIELD, TOWN OF",WORCESTER,10.31354603,"1515",,,,,,,,,,,,,,,,,,,,,,,,,
"1832",HAVERHILL,NON UNIQUE,HAVERHILL,"29405",HAVERHILL,ESSEX,11.76249056,"1832",,,,,,,,,,,,,,,,,,,,,,,,,
"1235",HINSDALE,NON UNIQUE,HINSDALE,"30280","MIDDLEFIELD, TOWN OF",HAMPSHIRE,11.74628896,"1235",,,,,,,,,,,,,,,,,,,,,,,,,
"1474",WEST TOWNSEND,NON UNIQUE,WEST TOWNSEND,"78270","TOWNSEND, TOWN OF",MIDDLESEX,11.64623894,"1474",,,,,,,,,,,,,,,,,,,,,,,,,
"2188",WEYMOUTH,NON UNIQUE,WEYMOUTH,"78900","WEYMOUTH, TOWN OF",NORFOLK,3.8104665,"2188",,,,,,,,,,,,,,,,,,,,,,,,,
"1702",FRAMINGHAM,NON UNIQUE,FRAMINGHAM,"24960","FRAMINGHAM, TOWN OF",MIDDLESEX,8.80651831,"1702",,,,,,,,,,,,,,,,,,,,,,,,,
"2675",YARMOUTH PORT,NON UNIQUE,YARMOUTH PORT,"82595","YARMOUTH, TOWN OF",BARNSTABLE,8.78231514,"2675",MA4020000,BARNSTABLE FIRE DISTRICT,S,402000003G,GP WELL  3,GW,"10005",WELL #3 & WELL #4,EP,,,2023/10/17 00:00:00,110311R,PFOS,0.004,µg/L,EPA 533,=,0.0071,SE2,AM,"1",MA,,"2675"
"1922",BYFIELD,NON UNIQUE,BYFIELD,"10050","NEWBURY, TOWN OF",ESSEX,8.73352059,"1922",,,,,,,,,,,,,,,,,,,,,,,,,
"1860",MERRIMAC,NON UNIQUE,MERRIMAC,"40395","MERRIMAC, TOWN OF",ESSEX,8.7044458,"1860",,,,,,,,,,,,,,,,,,,,,,,,,
"2155",MEDFORD,NON UNIQUE,MEDFORD,"39835",MEDFORD,MIDDLESEX,8.51783356,"2155",,,,,,,,,,,,,,,,,,,,,,,,,
"2632",CENTERVILLE,NON UNIQUE,CENTERVILLE,"12085",BARNSTABLE,BARNSTABLE,8.39696372,"2632",MA4020000,BARNSTABLE FIRE DISTRICT,S,402000003G,GP WELL  3,GW,"10005",WELL #3 & WELL #4,EP,,,2023/10/17 00:00:00,110311R,PFOS,0.004,µg/L,EPA 533,=,0.0071,SE2,AM,"1",MA,,"2632"
"1841",LAWRENCE,NON UNIQUE,LAWRENCE,"34550",LAWRENCE,ESSEX,3.10779573,"1841",,,,,,,,,,,,,,,,,,,,,,,,,
"1907",SWAMPSCOTT,NON UNIQUE,SWAMPSCOTT,"68680","SWAMPSCOTT, TOWN OF",ESSEX,3.06397446,"1907",,,,,,,,,,,,,,,,,,,,,,,,,
"2639",DENNIS PORT,NON UNIQUE,DENNIS PORT,"16810","DENNIS, TOWN OF",BARNSTABLE,3.0293891,"2639",,,,,,,,,,,,,,,,,,,,,,,,,
"2045",HULL,NON UNIQUE,HULL,"31680","HULL, TOWN OF",PLYMOUTH,3.02647591,"2045",,,,,,,,,,,,,,,,,,,,,,,,,
"2191",NORTH WEYMOUTH,NON UNIQUE,NORTH WEYMOUTH,"49725","WEYMOUTH, TOWN OF",NORFOLK,2.03917083,"2191",,,,,,,,,,,,,,,,,,,,,,,,,
"2543",WOODS HOLE,NON UNIQUE,WOODS HOLE,"81245","FALMOUTH, TOWN OF",BARNSTABLE,1.73524928,"2543",,,,,,,,,,,,,,,,,,,,,,,,,
"1010",BRIMFIELD,NON UNIQUE,BRIMFIELD,"08435","WARREN, TOWN OF",WORCESTER,1.70752188,"1010",,,,,,,,,,,,,,,,,,,,,,,,,
"2657",PROVINCETOWN,NON UNIQUE,PROVINCETOWN,"55535","PROVINCETOWN, TOWN OF",BARNSTABLE,10.02240784,"2657",,,,,,,,,,,,,,,,,,,,,,,,,
"1867",READING,NON UNIQUE,READING,"56165","READING, TOWN OF",MIDDLESEX,10.01470192,"1867",,,,,,,,,,,,,,,,,,,,,,,,,
"2648",MARSTONS MILLS,NON UNIQUE,MARSTONS MILLS,"38995",BARNSTABLE,BARNSTABLE,9.17362222,"2648",,,,,,,,,,,,,,,,,,,,,,,,,
"2601",HYANNIS,NON UNIQUE,HYANNIS,"31820",BARNSTABLE,BARNSTABLE,9.16580994,"2601",,,,,,,,,,,,,,,,,,,,,,,,,
"1096",WILLIAMSBURG,NON UNIQUE,WILLIAMSBURG,"79880","ASHFIELD, TOWN OF",FRANKLIN,9.10332183,"1096",,,,,,,,,,,,,,,,,,,,,,,,,
"1862",NORTH BILLERICA,NON UNIQUE,NORTH BILLERICA,"46680","BILLERICA, TOWN OF",MIDDLESEX,9.02691277,"1862",,,,,,,,,,,,,,,,,,,,,,,,,
"1082",WARE,NON UNIQUE,WARE,"72845","HARDWICK, TOWN OF",WORCESTER,9.02286976,"1082",,,,,,,,,,,,,,,,,,,,,,,,,
"1236",HOUSATONIC,NON UNIQUE,HOUSATONIC,"31295","GREAT BARRINGTON, TOWN OF",BERKSHIRE,8.32821353,"1236",,,,,,,,,,,,,,,,,,,,,,,,,
"1950",NEWBURYPORT,NON UNIQUE,NEWBURYPORT,"45245",NEWBURYPORT,ESSEX,8.18952564,"1950",MA3206000,NEWBURYPORT WATER DEPARTMENT,L,"5",Newburyport WTP,MX,"19393",Entry Point to Dist. System,EP,,,2024/02/06 00:00:00,M4A0284-01,PFOS,0.004,µg/L,EPA 533,=,0.0046,SE1,AM,"1",MA,,"1950"
"2130",JAMAICA PLAIN,NON UNIQUE,JAMAICA PLAIN,"32520",BOSTON,SUFFOLK,3.88185899,"2130",,,,,,,,,,,,,,,,,,,,,,,,,
"1588",WHITINSVILLE,NON UNIQUE,WHITINSVILLE,"79495","NORTHBRIDGE, TOWN OF",WORCESTER,8.06639019,"1588",,,,,,,,,,,,,,,,,,,,,,,,,
"1944",MANCHESTER,NON UNIQUE,MANCHESTER,"37980","MANCHESTER BY THE SEA, TOWN OF",ESSEX,7.95022406,"1944",,,,,,,,,,,,,,,,,,,,,,,,,
"1347",LAKE PLEASANT,PO BOX,LAKE PLEASANT,"33640","MONTAGUE, TOWN OF",FRANKLIN,0.00887988,"1347",,,,,,,,,,,,,,,,,,,,,,,,,
"2136",HYDE PARK,NON UNIQUE,HYDE PARK,"31960","MILTON, TOWN OF",NORFOLK,0.00589713,"2136",,,,,,,,,,,,,,,,,,,,,,,,,
"2718",EAST TAUNTON,NON UNIQUE,EAST TAUNTON,"20555","LAKEVILLE, TOWN OF",PLYMOUTH,0.0033505,"2718",,,,,,,,,,,,,,,,,,,,,,,,,
"2135",BRIGHTON,NON UNIQUE,BRIGHTON,"08330","BROOKLINE, TOWN OF",NORFOLK,0.00318986,"2135",,,,,,,,,,,,,,,,,,,,,,,,,
"2148",MALDEN,NON UNIQUE,MALDEN,"37875",REVERE,SUFFOLK,0.00167185,"2148",,,,,,,,,,,,,,,,,,,,,,,,,
"1432",AYER,NON UNIQUE,AYER,"03040","HARVARD, TOWN OF",WORCESTER,0.00058379,"1432",,,,,,,,,,,,,,,,,,,,,,,,,
"1904",LYNN,NON UNIQUE,LYNN,"37490",LYNN,ESSEX,4.22888343,"1904",,,,,,,,,,,,,,,,,,,,,,,,,
"2189",EAST WEYMOUTH,NON UNIQUE,EAST WEYMOUTH,"20835","WEYMOUTH, TOWN OF",NORFOLK,4.06211923,"2189",,,,,,,,,,,,,,,,,,,,,,,,,
"1108",SPRINGFIELD,NON UNIQUE,SPRINGFIELD,"67000",SPRINGFIELD,HAMPDEN,4.0360997,"1108",,,,,,,,,,,,,,,,,,,,,,,,,
"1380",WENDELL DEPOT,NON UNIQUE,WENDELL DEPOT,"74560","WENDELL, TOWN OF",FRANKLIN,3.77622738,"1380",,,,,,,,,,,,,,,,,,,,,,,,,
"2453",WALTHAM,NON UNIQUE,WALTHAM,"72600",WALTHAM,MIDDLESEX,3.65960328,"2453",,,,,,,,,,,,,,,,,,,,,,,,,
"1119",SPRINGFIELD,NON UNIQUE,SPRINGFIELD,"67000",SPRINGFIELD,HAMPDEN,3.42876664,"1119",,,,,,,,,,,,,,,,,,,,,,,,,
"2149",EVERETT,NON UNIQUE,EVERETT,"21990",EVERETT,MIDDLESEX,3.39290335,"2149",,,,,,,,,,,,,,,,,,,,,,,,,
"1851",LOWELL,NON UNIQUE,LOWELL,"37000",LOWELL,MIDDLESEX,3.35726061,"1851",,,,,,,,,,,,,,,,,,,,,,,,,
"1843",LAWRENCE,NON UNIQUE,LAWRENCE,"34550",LAWRENCE,ESSEX,3.35256158,"1843",,,,,,,,,,,,,,,,,,,,,,,,,
"2472",WATERTOWN,NON UNIQUE,WATERTOWN,"73440",WATERTOWN,MIDDLESEX,4.02570259,"2472",,,,,,,,,,,,,,,,,,,,,,,,,
"1854",LOWELL,NON UNIQUE,LOWELL,"37000",LOWELL,MIDDLESEX,3.97910135,"1854",,,,,,,,,,,,,,,,,,,,,,,,,
"1084",WEST CHESTERFIELD,NON UNIQUE,WEST CHESTERFIELD,"75610","CHESTERFIELD, TOWN OF",HAMPSHIRE,4.20149821,"1084",,,,,,,,,,,,,,,,,,,,,,,,,
"1542",ROCHDALE,NON UNIQUE,ROCHDALE,"57530","LEICESTER, TOWN OF",WORCESTER,4.14213776,"1542",,,,,,,,,,,,,,,,,,,,,,,,,
"2452",WALTHAM,NON UNIQUE,WALTHAM,"72600",WALTHAM,MIDDLESEX,3.80762042,"2452",,,,,,,,,,,,,,,,,,,,,,,,,
"1609",WORCESTER,NON UNIQUE,WORCESTER,"82000",WORCESTER,WORCESTER,3.79605572,"1609",,,,,,,,,,,,,,,,,,,,,,,,,
"1247",NORTH ADAMS,NON UNIQUE,NORTH ADAMS,"46225","MONROE, TOWN OF",FRANKLIN,8.12432666,"1247",,,,,,,,,,,,,,,,,,,,,,,,,
"1008",BLANDFORD,NON UNIQUE,BLANDFORD,"06050","OTIS, TOWN OF",BERKSHIRE,8.11116703,"1008",,,,,,,,,,,,,,,,,,,,,,,,,
"1970",SALEM,NON UNIQUE,SALEM,"59105",SALEM,ESSEX,8.10431968,"1970",,,,,,,,,,,,,,,,,,,,,,,,,
"1984",WENHAM,NON UNIQUE,WENHAM,"74630","WENHAM, TOWN OF",ESSEX,8.08791383,"1984",,,,,,,,,,,,,,,,,,,,,,,,,
"1835",HAVERHILL,NON UNIQUE,HAVERHILL,"29405",HAVERHILL,ESSEX,8.06934245,"1835",,,,,,,,,,,,,,,,,,,,,,,,,
"2646",HARWICH PORT,NON UNIQUE,HARWICH PORT,"29090",HARWICH,BARNSTABLE,2.68029043,"2646",,,,,,,,,,,,,,,,,,,,,,,,,
"2561",SAGAMORE,PO BOX,SAGAMORE,"58965","BOURNE, TOWN OF",BARNSTABLE,2.61849426,"2561",,,,,,,,,,,,,,,,,,,,,,,,,
"1118",SPRINGFIELD,NON UNIQUE,SPRINGFIELD,"67000",SPRINGFIELD,HAMPDEN,3.65172888,"1118",,,,,,,,,,,,,,,,,,,,,,,,,
"2534",CATAUMET,PO BOX,CATAUMET,"11805","BOURNE, TOWN OF",BARNSTABLE,2.12877433,"2534",,,,,,,,,,,,,,,,,,,,,,,,,
"1002",AMHERST,NON UNIQUE,AMHERST,"01290","SHUTESBURY, TOWN OF",FRANKLIN,2.11283202,"1002",,,,,,,,,,,,,,,,,,,,,,,,,
"2724",FALL RIVER,NON UNIQUE,FALL RIVER,"23000",FALL RIVER,BRISTOL,2.11257106,"2724",,,,,,,,,,,,,,,,,,,,,,,,,
"2466",AUBURNDALE,NON UNIQUE,AUBURNDALE,"02830",NEWTON,MIDDLESEX,1.74824703,"2466",,,,,,,,,,,,,,,,,,,,,,,,,
"2650",NORTH CHATHAM,NON UNIQUE,NORTH CHATHAM,"47275","CHATHAM, TOWN OF",BARNSTABLE,1.64073077,"2650",,,,,,,,,,,,,,,,,,,,,,,,,
"2119",ROXBURY,NON UNIQUE,ROXBURY,"58475",BOSTON,SUFFOLK,1.63137772,"2119",,,,,,,,,,,,,,,,,,,,,,,,,
"1129",SPRINGFIELD,NON UNIQUE,SPRINGFIELD,"67000",SPRINGFIELD,HAMPDEN,3.60278173,"1129",,,,,,,,,,,,,,,,,,,,,,,,,
"1611",CHERRY VALLEY,NON UNIQUE,CHERRY VALLEY,"13275","LEICESTER, TOWN OF",WORCESTER,3.44684824,"1611",,,,,,,,,,,,,,,,,,,,,,,,,
"2465",WEST NEWTON,NON UNIQUE,WEST NEWTON,"77185",NEWTON,MIDDLESEX,2.13274738,"2465",,,,,,,,,,,,,,,,,,,,,,,,,
"2131",ROSLINDALE,NON UNIQUE,ROSLINDALE,"58265",BOSTON,SUFFOLK,3.32868736,"2131",,,,,,,,,,,,,,,,,,,,,,,,,
"1222",ASHLEY FALLS,NON UNIQUE,ASHLEY FALLS,"02200","SHEFFIELD, TOWN OF",BERKSHIRE,3.30454102,"1222",,,,,,,,,,,,,,,,,,,,,,,,,
"2474",ARLINGTON,NON UNIQUE,ARLINGTON,"01640","ARLINGTON, TOWN OF",MIDDLESEX,3.27548524,"2474",,,,,,,,,,,,,,,,,,,,,,,,,
"1560",SOUTH GRAFTON,NON UNIQUE,SOUTH GRAFTON,"60120","GRAFTON, TOWN OF",WORCESTER,3.27102315,"1560",,,,,,,,,,,,,,,,,,,,,,,,,
"1092",WEST WARREN,PO BOX,WEST WARREN,"78445","WARREN, TOWN OF",WORCESTER,3.25431131,"1092",,,,,,,,,,,,,,,,,,,,,,,,,
"2124",DORCHESTER CENTER,NON UNIQUE,DORCHESTER CENTER,"17125",BOSTON,SUFFOLK,3.23298187,"2124",,,,,,,,,,,,,,,,,,,,,,,,,
"2138",CAMBRIDGE,NON UNIQUE,CAMBRIDGE,"11000",CAMBRIDGE,MIDDLESEX,3.02587488,"2138",,,,,,,,,,,,,,,,,,,,,,,,,
"2494",NEEDHAM HEIGHTS,NON UNIQUE,NEEDHAM HEIGHTS,"44175","NEEDHAM, TOWN OF",NORFOLK,3.01547389,"2494",MA3199000,NEEDHAM WATER DEPT,L,"3",Charles River WTP,GW,"10030",Entry Point to Dist. System,EP,,,2024/01/17 00:00:00,35854670003SE1,PFOS,0.004,µg/L,EPA 533,=,0.005,SE1,AM,"1",MA,,"2494"
"2467",CHESTNUT HILL,NON UNIQUE,CHESTNUT HILL,"13625","BROOKLINE, TOWN OF",NORFOLK,2.98456672,"2467",,,,,,,,,,,,,,,,,,,,,,,,,
"2125",DORCHESTER,NON UNIQUE,DORCHESTER,"17090",BOSTON,SUFFOLK,2.9695764,"2125",,,,,,,,,,,,,,,,,,,,,,,,,
"1223",BECKET,NON UNIQUE,BECKET,"04510","BLANDFORD, TOWN OF",HAMPDEN,2.93063789,"1223",,,,,,,,,,,,,,,,,,,,,,,,,
"2127",SOUTH BOSTON,NON UNIQUE,SOUTH BOSTON,"63200",BOSTON,SUFFOLK,2.56215814,"2127",,,,,,,,,,,,,,,,,,,,,,,,,
"1151",INDIAN ORCHARD,NON UNIQUE,INDIAN ORCHARD,"32100",SPRINGFIELD,HAMPDEN,2.56179187,"1151",,,,,,,,,,,,,,,,,,,,,,,,,
"2135",BRIGHTON,NON UNIQUE,BRIGHTON,"08330",BOSTON,SUFFOLK,2.53017277,"2135",,,,,,,,,,,,,,,,,,,,,,,,,
"2171",QUINCY,NON UNIQUE,QUINCY,"55745",QUINCY,NORFOLK,2.5215007,"2171",,,,,,,,,,,,,,,,,,,,,,,,,
"2032",EAST WALPOLE,NON UNIQUE,EAST WALPOLE,"20730","WALPOLE, TOWN OF",NORFOLK,2.25608698,"2032",MA4307000,WALPOLE WATER DEPT,L,"58",Edward J. Delaney WTP,GW,"10355",Entry Point to Dist. System,EP,,,2024/02/07 00:00:00,L2406618-01,PFOS,0.004,µg/L,EPA 533,=,0.004,SE2,AM,"1",MA,,"2032"
"2670",WEST DENNIS,NON UNIQUE,WEST DENNIS,"75820","DENNIS, TOWN OF",BARNSTABLE,2.2505835,"2670",,,,,,,,,,,,,,,,,,,,,,,,,
"2659",SOUTH CHATHAM,NON UNIQUE,SOUTH CHATHAM,"63515","CHATHAM, TOWN OF",BARNSTABLE,2.22489917,"2659",,,,,,,,,,,,,,,,,,,,,,,,,
"2476",ARLINGTON,NON UNIQUE,ARLINGTON,"01640","ARLINGTON, TOWN OF",MIDDLESEX,2.15110683,"2476",,,,,,,,,,,,,,,,,,,,,,,,,
"2120",ROXBURY CROSSING,NON UNIQUE,ROXBURY CROSSING,"58510",BOSTON,SUFFOLK,0.66067031,"2120",,,,,,,,,,,,,,,,,,,,,,,,,
"2141",CAMBRIDGE,NON UNIQUE,CAMBRIDGE,"11000",CAMBRIDGE,MIDDLESEX,0.65065276,"2141",,,,,,,,,,,,,,,,,,,,,,,,,
"1434",DEVENS,NON UNIQUE,DEVENS,"16840","AYER, TOWN OF",MIDDLESEX,0.64302673,"1434",,,,,,,,,,,,,,,,,,,,,,,,,
"2462",NEWTON LOWER FALLS,NON UNIQUE,NEWTON LOWER FALLS,"45665",NEWTON,MIDDLESEX,0.58695824,"2462",,,,,,,,,,,,,,,,,,,,,,,,,
"2467",CHESTNUT HILL,NON UNIQUE,CHESTNUT HILL,"13625",BOSTON,SUFFOLK,0.53184772,"2467",,,,,,,,,,,,,,,,,,,,,,,,,
"1350",MONROE BRIDGE,PO BOX,MONROE BRIDGE,"42075","MONROE, TOWN OF",FRANKLIN,1.98926194,"1350",,,,,,,,,,,,,,,,,,,,,,,,,
"2458",NEWTON,NON UNIQUE,NEWTON,"45560",NEWTON,MIDDLESEX,1.97041616,"2458",,,,,,,,,,,,,,,,,,,,,,,,,
"1080",THREE RIVERS,NON UNIQUE,THREE RIVERS,"69730","PALMER, TOWN OF",HAMPDEN,1.5268771,"1080",,,,,,,,,,,,,,,,,,,,,,,,,
"2150",CHELSEA,NON UNIQUE,CHELSEA,"13205",CHELSEA,SUFFOLK,2.21853235,"2150",,,,,,,,,,,,,,,,,,,,,,,,,
"1338",BUCKLAND,NON UNIQUE,BUCKLAND,"09560","BUCKLAND, TOWN OF",FRANKLIN,2.17759209,"1338",,,,,,,,,,,,,,,,,,,,,,,,,
"1610",WORCESTER,NON UNIQUE,WORCESTER,"82000",WORCESTER,WORCESTER,2.16157829,"1610",,,,,,,,,,,,,,,,,,,,,,,,,
"2445",BROOKLINE,NON UNIQUE,BROOKLINE,"09210","BROOKLINE, TOWN OF",NORFOLK,2.50194438,"2445",,,,,,,,,,,,,,,,,,,,,,,,,
"1902",LYNN,NON UNIQUE,LYNN,"37490",LYNN,ESSEX,2.39287545,"1902",,,,,,,,,,,,,,,,,,,,,,,,,
"2562",SAGAMORE BEACH,NON UNIQUE,SAGAMORE BEACH,"59000","BOURNE, TOWN OF",BARNSTABLE,2.38797825,"2562",,,,,,,,,,,,,,,,,,,,,,,,,
"2725",SOMERSET,NON UNIQUE,SOMERSET,"62465","SOMERSET, TOWN OF",BRISTOL,2.38139817,"2725",,,,,,,,,,,,,,,,,,,,,,,,,
"2122",DORCHESTER,NON UNIQUE,DORCHESTER,"17090",BOSTON,SUFFOLK,1.46751676,"2122",,,,,,,,,,,,,,,,,,,,,,,,,
"2460",NEWTONVILLE,NON UNIQUE,NEWTONVILLE,"45735",NEWTON,MIDDLESEX,1.39441911,"2460",,,,,,,,,,,,,,,,,,,,,,,,,
"2744",NEW BEDFORD,NON UNIQUE,NEW BEDFORD,"45000",NEW BEDFORD,BRISTOL,1.39227048,"2744",,,,,,,,,,,,,,,,,,,,,,,,,
"1029",EAST OTIS,PO BOX,EAST OTIS,"20240","OTIS, TOWN OF",BERKSHIRE,0.02061906,"1029",,,,,,,,,,,,,,,,,,,,,,,,,
"1074",SOUTH BARRE,PO BOX,SOUTH BARRE,"62920","BARRE, TOWN OF",WORCESTER,0.01049869,"1074",,,,,,,,,,,,,,,,,,,,,,,,,
"1607",WORCESTER,NON UNIQUE,WORCESTER,"82000",WORCESTER,WORCESTER,2.56402386,"1607",MA2186000,"AQUARION WATER COMPANY, MILLBURY",S,218600001G,MILLBURY AVE DUG WELL (24 WIDE),GU,01G,TREATED: MILLBURY AVENUE WELL,EP,,,2023/09/26 00:00:00,107789P,PFOS,0.004,µg/L,EPA 533,=,0.0057,SE3,AM,"1",MA,,"1607"
"1105",SPRINGFIELD,NON UNIQUE,SPRINGFIELD,"67000",SPRINGFIELD,HAMPDEN,1.32177084,"1105",,,,,,,,,,,,,,,,,,,,,,,,,
"1731",HANSCOM AFB,NON UNIQUE,HANSCOM AFB,"28425","LINCOLN, TOWN OF",MIDDLESEX,1.22079065,"1731",,,,,,,,,,,,,,,,,,,,,,,,,
"1003",AMHERST,NON UNIQUE,AMHERST,"01290","AMHERST, TOWN OF",HAMPSHIRE,1.21272454,"1003",,,,,,,,,,,,,,,,,,,,,,,,,
"2553",MONUMENT BEACH,PO BOX,MONUMENT BEACH,"42670","BOURNE, TOWN OF",BARNSTABLE,0.11848982,"2553",,,,,,,,,,,,,,,,,,,,,,,,,
"2357",STONEHILL COLLEGE,UNIQUE ORGANIZATION,NORTH EASTON,"47625","EASTON, TOWN OF",BRISTOL,0.11141458,"2357",,,,,,,,,,,,,,,,,,,,,,,,,
"2113",BOSTON,NON UNIQUE,BOSTON,"07000",BOSTON,SUFFOLK,0.08990889,"2113",,,,,,,,,,,,,,,,,,,,,,,,,
"2557",OAK BLUFFS,PO BOX,OAK BLUFFS,"50425","OAK BLUFFS, TOWN OF",DUKES,0.08250296,"2557",,,,,,,,,,,,,,,,,,,,,,,,,
"1718",ACTON,NON UNIQUE,ACTON,"00345","ACTON, TOWN OF",MIDDLESEX,0.08209838,"1718",MA2002000,ACTON WATER SUPPLY DISTRICT,L,"32",South Acton WTP,GU,MULT14,Entry Point to the Distribution System,EP,,,2023/12/06 00:00:00,810-87135-1,PFOS,0.004,µg/L,EPA 533,=,0.0047,SE4,AM,"1",MA,,"1718"
"1082",WARE,NON UNIQUE,WARE,"72845","PALMER, TOWN OF",HAMPDEN,0.07826961,"1082",,,,,,,,,,,,,,,,,,,,,,,,,
"2661",SOUTH HARWICH,PO BOX,SOUTH HARWICH,"64320",HARWICH,BARNSTABLE,0.07151371,"2661",,,,,,,,,,,,,,,,,,,,,,,,,
"1242",LENOX DALE,PO BOX,LENOX DALE,"35040","LENOX, TOWN OF",BERKSHIRE,0.07046471,"1242",,,,,,,,,,,,,,,,,,,,,,,,,
"1438",EAST TEMPLETON,PO BOX,EAST TEMPLETON,"20590","TEMPLETON, TOWN OF",WORCESTER,0.0500023,"1438",,,,,,,,,,,,,,,,,,,,,,,,,
"2672",WEST HYANNISPORT,PO BOX,WEST HYANNISPORT,"76590",BARNSTABLE,BARNSTABLE,0.04693204,"2672",,,,,,,,,,,,,,,,,,,,,,,,,
"2144",SOMERVILLE,NON UNIQUE,SOMERVILLE,"62535",SOMERVILLE,MIDDLESEX,1.17562354,"2144",,,,,,,,,,,,,,,,,,,,,,,,,
"2140",CAMBRIDGE,NON UNIQUE,CAMBRIDGE,"11000",CAMBRIDGE,MIDDLESEX,1.15594951,"2140",,,,,,,,,,,,,,,,,,,,,,,,,
"2121",DORCHESTER,NON UNIQUE,DORCHESTER,"17090",BOSTON,SUFFOLK,1.12853663,"2121",,,,,,,,,,,,,,,,,,,,,,,,,
"2118",BOSTON,NON UNIQUE,BOSTON,"07000",BOSTON,SUFFOLK,1.1211804,"2118",,,,,,,,,,,,,,,,,,,,,,,,,
"1128",SPRINGFIELD,NON UNIQUE,SPRINGFIELD,"67000",SPRINGFIELD,HAMPDEN,1.10318163,"1128",,,,,,,,,,,,,,,,,,,,,,,,,
"1009",BONDSVILLE,PO BOX,BONDSVILLE,"06400","PALMER, TOWN OF",HAMPDEN,0.04152232,"1009",,,,,,,,,,,,,,,,,,,,,,,,,
"1063",SMITH COLLEGE,UNIQUE ORGANIZATION,NORTHAMPTON,"46330",NORTHAMPTON,HAMPSHIRE,0.03725573,"1063",,,,,,,,,,,,,,,,,,,,,,,,,
"1561",SOUTH LANCASTER,PO BOX,SOUTH LANCASTER,"64460","LANCASTER, TOWN OF",WORCESTER,0.0359069,"1561",,,,,,,,,,,,,,,,,,,,,,,,,
"2151",REVERE,NON UNIQUE,REVERE,"56585",EVERETT,MIDDLESEX,0.0341638,"2151",,,,,,,,,,,,,,,,,,,,,,,,,
"2047",HUMAROCK,PO BOX,HUMAROCK,"31715","SCITUATE, TOWN OF",PLYMOUTH,0.03041975,"2047",,,,,,,,,,,,,,,,,,,,,,,,,
"2746",NEW BEDFORD,NON UNIQUE,NEW BEDFORD,"45000",NEW BEDFORD,BRISTOL,2.09587378,"2746",,,,,,,,,,,,,,,,,,,,,,,,,
"1908",NAHANT,NON UNIQUE,NAHANT,"43615","NAHANT, TOWN OF",ESSEX,1.09572321,"1908",,,,,,,,,,,,,,,,,,,,,,,,,
"2791",WESTPORT POINT,PO BOX,WESTPORT POINT,"77640","WESTPORT, TOWN OF",BRISTOL,1.01417631,"2791",,,,,,,,,,,,,,,,,,,,,,,,,
"2641",EAST DENNIS,PO BOX,EAST DENNIS,"18840","DENNIS, TOWN OF",BARNSTABLE,0.97234354,"2641",,,,,,,,,,,,,,,,,,,,,,,,,
"2671",WEST HARWICH,NON UNIQUE,WEST HARWICH,"76450",HARWICH,BARNSTABLE,2.08610932,"2671",,,,,,,,,,,,,,,,,,,,,,,,,
"2467",CHESTNUT HILL,NON UNIQUE,CHESTNUT HILL,"13625",NEWTON,MIDDLESEX,1.62133133,"2467",,,,,,,,,,,,,,,,,,,,,,,,,
"2139",CAMBRIDGE,NON UNIQUE,CAMBRIDGE,"11000",CAMBRIDGE,MIDDLESEX,1.53884743,"2139",,,,,,,,,,,,,,,,,,,,,,,,,
"2071",SOUTH WALPOLE,NON UNIQUE,SOUTH WALPOLE,"65545","WALPOLE, TOWN OF",NORFOLK,0.96857856,"2071",MA4307000,WALPOLE WATER DEPT,L,"58",Edward J. Delaney WTP,GW,"10355",Entry Point to Dist. System,EP,,,2024/02/07 00:00:00,L2406618-01,PFOS,0.004,µg/L,EPA 533,=,0.004,SE2,AM,"1",MA,,"2071"
"1070",PLAINFIELD,NON UNIQUE,PLAINFIELD,"53995","WINDSOR, TOWN OF",BERKSHIRE,0.95620559,"1070",,,,,,,,,,,,,,,,,,,,,,,,,
"1965",PRIDES CROSSING,PO BOX,PRIDES CROSSING,"55325",BEVERLY,ESSEX,0.93371211,"1965",,,,,,,,,,,,,,,,,,,,,,,,,
"2210",BOSTON,NON UNIQUE,BOSTON,"07000",BOSTON,SUFFOLK,0.90267044,"2210",,,,,,,,,,,,,,,,,,,,,,,,,
"2647",HYANNIS PORT,PO BOX,HYANNIS PORT,"31890",BARNSTABLE,BARNSTABLE,0.84202441,"2647",,,,,,,,,,,,,,,,,,,,,,,,,
"2468",WABAN,NON UNIQUE,WABAN,"72075",NEWTON,MIDDLESEX,1.49887466,"2468",,,,,,,,,,,,,,,,,,,,,,,,,
"1107",SPRINGFIELD,NON UNIQUE,SPRINGFIELD,"67000",SPRINGFIELD,HAMPDEN,1.4986343,"1107",,,,,,,,,,,,,,,,,,,,,,,,,
"1355",NEW SALEM,NON UNIQUE,NEW SALEM,"45455","NEW SALEM, TOWN OF",FRANKLIN,56.92362861,"1355",,,,,,,,,,,,,,,,,,,,,,,,,
"2347",LAKEVILLE,NON UNIQUE,LAKEVILLE,"33885","LAKEVILLE, TOWN OF",PLYMOUTH,36.14788827,"2347",,,,,,,,,,,,,,,,,,,,,,,,,
"1069",PALMER,NON UNIQUE,PALMER,"52070","PALMER, TOWN OF",HAMPDEN,31.2085051,"1069",,,,,,,,,,,,,,,,,,,,,,,,,
"1093",WHATELY,PO BOX,WHATELY,"79075","WHATELY, TOWN OF",FRANKLIN,1.53051749,"1093",,,,,,,,,,,,,,,,,,,,,,,,,
"2170",QUINCY,NON UNIQUE,QUINCY,"55745",QUINCY,NORFOLK,2.0251918,"2170",,,,,,,,,,,,,,,,,,,,,,,,,
"1031",GILBERTVILLE,NON UNIQUE,GILBERTVILLE,"25695","HARDWICK, TOWN OF",WORCESTER,7.22382569,"1031",,,,,,,,,,,,,,,,,,,,,,,,,
"1441",TYCO,UNIQUE ORGANIZATION,WESTMINSTER,"76975","WESTMINSTER, TOWN OF",WORCESTER,0.49357989,"1441",,,,,,,,,,,,,,,,,,,,,,,,,
"1260",SOUTH LEE,PO BOX,SOUTH LEE,"64530","LEE, TOWN OF",BERKSHIRE,0.48685094,"1260",,,,,,,,,,,,,,,,,,,,,,,,,
"1840",LAWRENCE,NON UNIQUE,LAWRENCE,"34550",LAWRENCE,ESSEX,0.48676949,"1840",,,,,,,,,,,,,,,,,,,,,,,,,
"2116",BOSTON,NON UNIQUE,BOSTON,"07000",BOSTON,SUFFOLK,0.7936883,"2116",,,,,,,,,,,,,,,,,,,,,,,,,
"2115",BOSTON,NON UNIQUE,BOSTON,"07000",BOSTON,SUFFOLK,0.77488959,"2115",,,,,,,,,,,,,,,,,,,,,,,,,
"2215",BOSTON,NON UNIQUE,BOSTON,"07000",BOSTON,SUFFOLK,0.73594322,"2215",,,,,,,,,,,,,,,,,,,,,,,,,
"2464",NEWTON UPPER FALLS,NON UNIQUE,NEWTON UPPER FALLS,"45700",NEWTON,MIDDLESEX,0.48348335,"2464",,,,,,,,,,,,,,,,,,,,,,,,,
"2558",ONSET,PO BOX,ONSET,"51160","WAREHAM, TOWN OF",PLYMOUTH,0.46457327,"2558",,,,,,,,,,,,,,,,,,,,,,,,,
"1608",WORCESTER,NON UNIQUE,WORCESTER,"82000",WORCESTER,WORCESTER,0.44601513,"1608",,,,,,,,,,,,,,,,,,,,,,,,,
"2143",SOMERVILLE,NON UNIQUE,SOMERVILLE,"62535",SOMERVILLE,MIDDLESEX,1.49668349,"2143",,,,,,,,,,,,,,,,,,,,,,,,,
"2637",CUMMAQUID,PO BOX,CUMMAQUID,"15970",BARNSTABLE,BARNSTABLE,0.68515272,"2637",MA4020000,BARNSTABLE FIRE DISTRICT,S,402000003G,GP WELL  3,GW,"10005",WELL #3 & WELL #4,EP,,,2023/10/17 00:00:00,110311R,PFOS,0.004,µg/L,EPA 533,=,0.0071,SE2,AM,"1",MA,,"2637"
"2199",BOSTON,NON UNIQUE,BOSTON,"07000",BOSTON,SUFFOLK,0.7936883,"2199",,,,,,,,,,,,,,,,,,,,,,,,,
"2133",BOSTON,NON UNIQUE,BOSTON,"07000",BOSTON,SUFFOLK,0.42602022,"2133",,,,,,,,,,,,,,,,,,,,,,,,,
"2203",BOSTON,NON UNIQUE,BOSTON,"07000",BOSTON,SUFFOLK,0.18992141,"2203",,,,,,,,,,,,,,,,,,,,,,,,,
"2163",BOSTON,NON UNIQUE,BOSTON,"07000",BOSTON,SUFFOLK,0.12133642,"2163",,,,,,,,,,,,,,,,,,,,,,,,,
"2126",MATTAPAN,NON UNIQUE,MATTAPAN,"07000",BOSTON,SUFFOLK,1.91306305,"2126",,,,,,,,,,,,,,,,,,,,,,,,,
"2723",FALL RIVER,NON UNIQUE,FALL RIVER,"23000",FALL RIVER,BRISTOL,1.84847218,"2723",,,,,,,,,,,,,,,,,,,,,,,,,
"2152",WINTHROP,NON UNIQUE,WINTHROP,"80965","WINTHROP, TOWN OF",SUFFOLK,1.79662941,"2152",,,,,,,,,,,,,,,,,,,,,,,,,
"2461",NEWTON HIGHLANDS,NON UNIQUE,NEWTON HIGHLANDS,"45630",NEWTON,MIDDLESEX,1.38859135,"2461",,,,,,,,,,,,,,,,,,,,,,,,,
"2145",SOMERVILLE,NON UNIQUE,SOMERVILLE,"62535",SOMERVILLE,MIDDLESEX,1.38051682,"2145",,,,,,,,,,,,,,,,,,,,,,,,,
"1850",LOWELL,NON UNIQUE,LOWELL,"37000",LOWELL,MIDDLESEX,1.37072858,"1850",,,,,,,,,,,,,,,,,,,,,,,,,
"2129",CHARLESTOWN,NON UNIQUE,CHARLESTOWN,"12645",BOSTON,SUFFOLK,1.35709143,"2129",,,,,,,,,,,,,,,,,,,,,,,,,
"1503",BERLIN,NON UNIQUE,BERLIN,"05455","BERLIN, TOWN OF",WORCESTER,13.16047963,"1503",,,,,,,,,,,,,,,,,,,,,,,,,
"2026",DEDHAM,NON UNIQUE,DEDHAM,"16530","DEDHAM, TOWN OF",NORFOLK,10.50881137,"2026",,,,,,,,,,,,,,,,,,,,,,,,,
"2114",BOSTON,NON UNIQUE,BOSTON,"07000",BOSTON,SUFFOLK,0.42602022,"2114",,,,,,,,,,,,,,,,,,,,,,,,,
"1103",SPRINGFIELD,NON UNIQUE,SPRINGFIELD,"67000",SPRINGFIELD,HAMPDEN,0.40808293,"1103",,,,,,,,,,,,,,,,,,,,,,,,,
"2142",CAMBRIDGE,NON UNIQUE,CAMBRIDGE,"11000",CAMBRIDGE,MIDDLESEX,0.31911045,"2142",,,,,,,,,,,,,,,,,,,,,,,,,
"1901",LYNN,NON UNIQUE,LYNN,"37490",LYNN,ESSEX,0.28586272,"1901",,,,,,,,,,,,,,,,,,,,,,,,,
"2663",SOUTH WELLFLEET,PO BOX,SOUTH WELLFLEET,"65650","WELLFLEET, TOWN OF",BARNSTABLE,0.28517882,"2663",,,,,,,,,,,,,,,,,,,,,,,,,
"2111",BOSTON,NON UNIQUE,BOSTON,"07000",BOSTON,SUFFOLK,0.28243222,"2111",,,,,,,,,,,,,,,,,,,,,,,,,
"1066",NORTH HATFIELD,PO BOX,NORTH HATFIELD,"48185","HATFIELD, TOWN OF",HAMPSHIRE,0.21951527,"1066",,,,,,,,,,,,,,,,,,,,,,,,,
"1094",WHEELWRIGHT,PO BOX,WHEELWRIGHT,"79180","HARDWICK, TOWN OF",WORCESTER,0.21098569,"1094",,,,,,,,,,,,,,,,,,,,,,,,,
"2532",BUZZARDS BAY,NON UNIQUE,BUZZARDS BAY,"10015","WAREHAM, TOWN OF",PLYMOUTH,2.11024061,"2532",,,,,,,,,,,,,,,,,,,,,,,,,
"2134",ALLSTON,NON UNIQUE,ALLSTON,"01150",BOSTON,SUFFOLK,1.34527948,"2134",,,,,,,,,,,,,,,,,,,,,,,,,
"2446",BROOKLINE,NON UNIQUE,BROOKLINE,"09210","BROOKLINE, TOWN OF",NORFOLK,1.32643741,"2446",,,,,,,,,,,,,,,,,,,,,,,,,
"2110",BOSTON,NON UNIQUE,BOSTON,"07000",BOSTON,SUFFOLK,0.20934213,"2110",,,,,,,,,,,,,,,,,,,,,,,,,
"2020",BRANT ROCK,PO BOX,BRANT ROCK,"07840","MARSHFIELD, TOWN OF",PLYMOUTH,0.19287635,"2020",,,,,,,,,,,,,,,,,,,,,,,,,
"2108",BOSTON,NON UNIQUE,BOSTON,"07000",BOSTON,SUFFOLK,0.18992141,"2108",,,,,,,,,,,,,,,,,,,,,,,,,
"1224",BERKSHIRE,NON UNIQUE,BERKSHIRE,"05315","LANESBOROUGH, TOWN OF",BERKSHIRE,0.18532068,"1224",,,,,,,,,,,,,,,,,,,,,,,,,
"2109",BOSTON,NON UNIQUE,BOSTON,"07000",BOSTON,SUFFOLK,0.1757244,"2109",,,,,,,,,,,,,,,,,,,,,,,,,
"1745",FAYVILLE,NON UNIQUE,FAYVILLE,"23420","SOUTHBOROUGH, TOWN OF",WORCESTER,0.16674924,"1745",,,,,,,,,,,,,,,,,,,,,,,,,
"2350",MONPONSETT,PO BOX,MONPONSETT,"42005","HANSON, TOWN OF",PLYMOUTH,0.16547078,"2350",,,,,,,,,,,,,,,,,,,,,,,,,
"2763",ATTLEBORO FALLS,NON UNIQUE,ATTLEBORO FALLS,"02725","NORTH ATTLEBOROUGH, TOWN OF",BRISTOL,1.32583836,"2763",,,,,,,,,,,,,,,,,,,,,,,,,
"0",,,,,,,,,,,,,,,,,,,,,,,,,,,,,,,,,
